#FILE,SEQUENCE,START,END,STRAND,GENE,COVERAGE,COVERAGE_MAP,GAPS,%COVERAGE,%IDENTITY,DATABASE,ACCESSION,PRODUCT,RESISTANCE
/home/kien1211/Downloads/fasta/ERR5770802.fasta,NODE_10_length_151234_cov_39.941750,110443,111891,-,adeH,1-1449/1449,===============,0/0,100,100,vfdb,WP_000633124,(adeH) outer membrane protein [AdeFGH efflux pump (VF0504) - Biofilm (VFC0271)] [Acinetobacter baumannii ACICU],
/home/kien1211/Downloads/fasta/ERR5770802.fasta,NODE_10_length_151234_cov_39.941750,111904,115083,-,adeG,1-3180/3180,===============,0/0,100,100,vfdb,WP_001027056,(adeG) cation/multidrug efflux pump [AdeFGH efflux pump (VF0504) - Biofilm (VFC0271)] [Acinetobacter baumannii ACICU],
/home/kien1211/Downloads/fasta/ERR5770802.fasta,NODE_10_length_151234_cov_39.941750,115090,116310,-,adeF,1-1221/1221,===============,0/0,100,100,vfdb,WP_000010636,(adeF) membrane-fusion protein [AdeFGH efflux pump (VF0504) - Biofilm (VFC0271)] [Acinetobacter baumannii ACICU],
/home/kien1211/Downloads/fasta/ERR5770802.fasta,NODE_10_length_151234_cov_39.941750,128907,130664,+,gspE2,1-1758/1758,===============,0/0,100,100,vfdb,WP_001020922,(gspE2) putative secretion pathway ATPase [T2SS (VF1335) - Effector delivery system (VFC0086)] [Acinetobacter baumannii ACICU],
/home/kien1211/Downloads/fasta/ERR5770802.fasta,NODE_11_length_137884_cov_47.943872,25262,27429,+,plc1,1-2168/2169,===============,0/0,99.95,98.66,vfdb,WP_001081735,(plc1) phospholipase C [Phospholipase C (VF0470) - Exotoxin (VFC0235)] [Acinetobacter baumannii ACICU],
/home/kien1211/Downloads/fasta/ERR5770802.fasta,NODE_11_length_137884_cov_47.943872,32954,35140,-,ACICU_RS00395,1-2187/2187,===============,0/0,100,92.14,vfdb,WP_001075965,(ACICU_RS00395) polysaccharide biosynthesis tyrosine autokinase [Capsule (VF0465) - Immune modulation (VFC0258)] [Acinetobacter baumannii ACICU],
/home/kien1211/Downloads/fasta/ERR5770802.fasta,NODE_11_length_137884_cov_47.943872,35160,35588,-,ACICU_RS00400,1-429/429,===============,0/0,100,88.34,vfdb,WP_001165990,(ACICU_RS00400) low molecular weight phosphotyrosine protein phosphatase [Capsule (VF0465) - Immune modulation (VFC0258)] [Acinetobacter baumannii ACICU],
/home/kien1211/Downloads/fasta/ERR5770802.fasta,NODE_11_length_137884_cov_47.943872,35593,36693,-,ACICU_RS00405,1-1101/1101,===============,0/0,100,89.92,vfdb,WP_000872593,(ACICU_RS00405) polysaccharide biosynthesis/export family protein [Capsule (VF0465) - Immune modulation (VFC0258)] [Acinetobacter baumannii ACICU],
/home/kien1211/Downloads/fasta/ERR5770802.fasta,NODE_11_length_137884_cov_47.943872,37049,38323,+,tviB,1-1275/1275,===============,0/0,100,93.65,vfdb,WP_001165095,(tviB) Vi polysaccharide biosynthesis UDP-N-acetylglucosamine C-6 dehydrogenase TviB [Capsule (VF0465) - Immune modulation (VFC0258)] [Acinetobacter baumannii ACICU],
/home/kien1211/Downloads/fasta/ERR5770802.fasta,NODE_11_length_137884_cov_47.943872,38370,39368,+,pseB,1-999/999,===============,0/0,100,97.2,vfdb,WP_000939040,(pseB) UDP-N-acetylglucosamine 46-dehydratase (inverting) [Capsule (VF0465) - Immune modulation (VFC0258)] [Acinetobacter baumannii ACICU],
/home/kien1211/Downloads/fasta/ERR5770802.fasta,NODE_11_length_137884_cov_47.943872,39370,40530,+,pseC,1-1161/1161,===============,0/0,100,96.73,vfdb,WP_000470518,(pseC) UDP-4-amino-4 6-dideoxy-N-acetyl-beta-L-altrosamine transaminase [Capsule (VF0465) - Immune modulation (VFC0258)] [Acinetobacter baumannii ACICU],
/home/kien1211/Downloads/fasta/ERR5770802.fasta,NODE_11_length_137884_cov_47.943872,40533,41198,+,pseF,1-666/693,===============,0/0,96.1,91.29,vfdb,WP_001175206,(pseF) pseudaminic acid cytidylyltransferase [Capsule (VF0465) - Immune modulation (VFC0258)] [Acinetobacter baumannii ACICU],
/home/kien1211/Downloads/fasta/ERR5770802.fasta,NODE_11_length_137884_cov_47.943872,43223,44255,+,pseI,18-1050/1050,========/======,6-Feb,98.1,86.87,vfdb,WP_000037963,(pseI) pseudaminic acid synthase [Capsule (VF0465) - Immune modulation (VFC0258)] [Acinetobacter baumannii ACICU],
/home/kien1211/Downloads/fasta/ERR5770802.fasta,NODE_11_length_137884_cov_47.943872,50344,50964,+,ACICU_RS00475,1-621/621,===============,0/0,100,95.49,vfdb,WP_000826956,(ACICU_RS00475) sugar transferase [Capsule (VF0465) - Immune modulation (VFC0258)] [Acinetobacter baumannii ACICU],
/home/kien1211/Downloads/fasta/ERR5770802.fasta,NODE_11_length_137884_cov_47.943872,50990,51865,+,galU,1-876/876,===============,0/0,100,97.72,vfdb,WP_000591436,(galU) UTP--glucose-1-phosphate uridylyltransferase GalU [Capsule (VF0465) - Immune modulation (VFC0258)] [Acinetobacter baumannii ACICU],
/home/kien1211/Downloads/fasta/ERR5770802.fasta,NODE_11_length_137884_cov_47.943872,51981,53243,+,ACICU_RS00485,1-1263/1263,===============,0/0,100,98.65,vfdb,WP_000686134,(ACICU_RS00485) nucleotide sugar dehydrogenase [Capsule (VF0465) - Immune modulation (VFC0258)] [Acinetobacter baumannii ACICU],
/home/kien1211/Downloads/fasta/ERR5770802.fasta,NODE_11_length_137884_cov_47.943872,53240,54910,+,pgi,1-1671/1671,===============,0/0,100,98.2,vfdb,WP_000045495,(pgi) glucose-6-phosphate isomerase [Capsule (VF0465) - Immune modulation (VFC0258)] [Acinetobacter baumannii ACICU],
/home/kien1211/Downloads/fasta/ERR5770802.fasta,NODE_11_length_137884_cov_47.943872,54903,55919,+,galE,1-1017/1017,===============,0/0,100,96.85,vfdb,WP_001062908,(galE) UDP-glucose 4-epimerase GalE [Capsule (VF0465) - Immune modulation (VFC0258)] [Acinetobacter baumannii ACICU],
/home/kien1211/Downloads/fasta/ERR5770802.fasta,NODE_11_length_137884_cov_47.943872,55963,57333,-,ACICU_RS00500,1-1371/1371,===============,0/0,100,97.59,vfdb,WP_000209960,(ACICU_RS00500) phosphomannomutase/phosphoglucomutase [Capsule (VF0465) - Immune modulation (VFC0258)] [Acinetobacter baumannii ACICU],
/home/kien1211/Downloads/fasta/ERR5770802.fasta,NODE_11_length_137884_cov_47.943872,78310,80840,+,vgrG/tssI,1-2531/2847,==============.,0/0,88.9,97.75,vfdb,WP_001178477,(vgrG/tssI) type VI secretion system tip protein VgrG [T6SS (VF1337) - Effector delivery system (VFC0086)] [Acinetobacter baumannii ACICU],
/home/kien1211/Downloads/fasta/ERR5770802.fasta,NODE_11_length_137884_cov_47.943872,106966,107532,-,abaI,1-567/567,===============,0/0,100,99.65,vfdb,WP_002023245,(abaI) N-acyl-L-homoserine lactone synthetase [Quorom sensing (VF0471) - Biofilm (VFC0271)] [Acinetobacter baumannii ACICU],
/home/kien1211/Downloads/fasta/ERR5770802.fasta,NODE_11_length_137884_cov_47.943872,108773,109489,+,abaR,1-717/717,===============,0/0,100,98.47,vfdb,WP_000446779,(abaR) DNA-binding HTH domain-containing protein [Quorom sensing (VF0471) - Biofilm (VFC0271)] [Acinetobacter baumannii ACICU],
/home/kien1211/Downloads/fasta/ERR5770802.fasta,NODE_12_length_121262_cov_36.229125,79675,80139,-,pgaD,1-465/465,===============,0/0,100,100,vfdb,WP_000786639,(pgaD) poly-beta-16-N-acetyl-D-glucosamine biosynthesis protein PgaD [PNAG (VF0472) - Biofilm (VFC0271)] [Acinetobacter baumannii ACICU],
/home/kien1211/Downloads/fasta/ERR5770802.fasta,NODE_12_length_121262_cov_36.229125,80136,81383,-,pgaC,1-1248/1248,===============,0/0,100,100,vfdb,WP_000866237,(pgaC) poly-beta-16 N-acetyl-D-glucosamine synthase [PNAG (VF0472) - Biofilm (VFC0271)] [Acinetobacter baumannii ACICU],
/home/kien1211/Downloads/fasta/ERR5770802.fasta,NODE_12_length_121262_cov_36.229125,81383,83212,-,pgaB,1-1830/1830,===============,0/0,100,100,vfdb,WP_001061322,(pgaB) poly-beta-16-N-acetyl-D-glucosamine N-deacetylase PgaB [PNAG (VF0472) - Biofilm (VFC0271)] [Acinetobacter baumannii ACICU],
/home/kien1211/Downloads/fasta/ERR5770802.fasta,NODE_12_length_121262_cov_36.229125,83212,85650,-,pgaA,1-2439/2439,===============,0/0,100,99.92,vfdb,,(pgaA) poly-beta-16 N-acetyl-D-glucosamine export porin PgaA [PNAG (VF0472) - Biofilm (VFC0271)] [Acinetobacter baumannii ACICU],
/home/kien1211/Downloads/fasta/ERR5770802.fasta,NODE_13_length_117010_cov_47.788857,97260,100254,+,vgrG/tssI,1-2995/3282,==============.,0/0,91.26,97.53,vfdb,WP_000898330,(vgrG/tssI) type VI secretion system tip protein VgrG [T6SS (VF1337) - Effector delivery system (VFC0086)] [Acinetobacter baumannii ACICU],
/home/kien1211/Downloads/fasta/ERR5770802.fasta,NODE_14_length_114726_cov_34.687170,95533,98709,+,vgrG/tssI,1-3177/3177,===============,0/0,100,100,vfdb,WP_000934999,(vgrG/tssI) type VI secretion system tip protein VgrG [T6SS (VF1337) - Effector delivery system (VFC0086)] [Acinetobacter baumannii ACICU],
/home/kien1211/Downloads/fasta/ERR5770802.fasta,NODE_16_length_110658_cov_41.161991,104543,110611,-,bap,1-6069/6069,===============,0/0,100,99.72,vfdb,WP_193759656,(bap) biofilm-associated protein [Bap (VF0462) - Biofilm (VFC0271)] [Acinetobacter baumannii ACICU],
/home/kien1211/Downloads/fasta/ERR5770802.fasta,NODE_17_length_110251_cov_45.904635,96668,97183,-,fimT,1-516/516,===============,0/0,100,100,vfdb,WP_000477147,(fimT) GspH/FimT family pseudopilin [TFP (VF1334) - Adherence (VFC0001)] [Acinetobacter baumannii ACICU],
/home/kien1211/Downloads/fasta/ERR5770802.fasta,NODE_17_length_110251_cov_45.904635,97565,98635,+,ompA,1-1071/1071,===============,0/0,100,100,vfdb,WP_000777882,(ompA) outer membrane protein OmpA [OmpA (VF0464) - Immune modulation (VFC0258)] [Acinetobacter baumannii ACICU],
/home/kien1211/Downloads/fasta/ERR5770802.fasta,NODE_18_length_109381_cov_47.759798,67365,68786,-,pilR,1-1422/1422,===============,0/0,100,97.96,vfdb,WP_000840548,(pilR) sigma-54 dependent transcriptional regulator [TFP (VF1334) - Adherence (VFC0001)] [Acinetobacter baumannii ACICU],
/home/kien1211/Downloads/fasta/ERR5770802.fasta,NODE_18_length_109381_cov_47.759798,68811,70379,-,pilS,1-1569/1569,===============,0/0,100,98.02,vfdb,WP_001160337,(pilS) PAS domain-containing sensor histidine kinase [TFP (VF1334) - Adherence (VFC0001)] [Acinetobacter baumannii ACICU],
/home/kien1211/Downloads/fasta/ERR5770802.fasta,NODE_18_length_109381_cov_47.759798,71238,72284,+,pbpG,1-1047/1047,===============,0/0,100,100,vfdb,WP_003384760,(pbpG) D-alanyl-D-alanine endopeptidase PBP7/8 [PbpG (VF0468) - Immune modulation (VFC0258)] [Acinetobacter baumannii ACICU],
/home/kien1211/Downloads/fasta/ERR5770802.fasta,NODE_18_length_109381_cov_47.759798,101684,102427,+,gspN,1-744/744,===============,0/0,100,100,vfdb,WP_000730343,(gspN) type II secretion system protein N [T2SS (VF1335) - Effector delivery system (VFC0086)] [Acinetobacter baumannii ACICU],
/home/kien1211/Downloads/fasta/ERR5770802.fasta,NODE_18_length_109381_cov_47.759798,102427,103263,+,gspC,1-837/837,===============,0/0,100,100,vfdb,WP_000870033,(gspC) general secretion pathway protein C [T2SS (VF1335) - Effector delivery system (VFC0086)] [Acinetobacter baumannii ACICU],
/home/kien1211/Downloads/fasta/ERR5770802.fasta,NODE_18_length_109381_cov_47.759798,103305,105581,+,gspD,1-2277/2277,===============,0/0,100,100,vfdb,WP_001196426,(gspD) general secretion pathway protein D [T2SS (VF1335) - Effector delivery system (VFC0086)] [Acinetobacter baumannii ACICU],
/home/kien1211/Downloads/fasta/ERR5770802.fasta,NODE_20_length_74045_cov_47.938215,25903,26805,+,lpxC,1-903/903,===============,0/0,100,98.56,vfdb,WP_000240700,(lpxC) UDP-3-O-acyl-N-acetylglucosamine deacetylase [LPS (VF0466) - Immune modulation (VFC0258)] [Acinetobacter baumannii ACICU],
/home/kien1211/Downloads/fasta/ERR5770802.fasta,NODE_21_length_71178_cov_41.603032,12460,13443,-,lpxM,1-984/984,===============,0/0,100,100,vfdb,WP_001984639,(lpxM) lysophospholipid acyltransferase family protein [LPS (VF0466) - Immune modulation (VFC0258)] [Acinetobacter baumannii ACICU],
/home/kien1211/Downloads/fasta/ERR5770802.fasta,NODE_22_length_69701_cov_33.779271,17365,18384,-,csuE,1-1020/1020,===============,0/0,100,99.8,vfdb,WP_001022730,(csuE) Csu pilus tip adhesin CsuE [Csu fimbriae (VF0461) - Biofilm (VFC0271)] [Acinetobacter baumannii ACICU],
/home/kien1211/Downloads/fasta/ERR5770802.fasta,NODE_22_length_69701_cov_33.779271,18381,20879,-,csuD,1-2499/2499,===============,0/0,100,99.96,vfdb,WP_000603301,(csuD) Csu pilus usher protein CsuD [Csu fimbriae (VF0461) - Biofilm (VFC0271)] [Acinetobacter baumannii ACICU],
/home/kien1211/Downloads/fasta/ERR5770802.fasta,NODE_22_length_69701_cov_33.779271,20876,21709,-,csuC,1-834/834,===============,0/0,100,100,vfdb,WP_001988023,(csuC) Csu pilus chaperone protein CsuC  [Csu fimbriae (VF0461) - Biofilm (VFC0271)] [Acinetobacter baumannii ACICU],
/home/kien1211/Downloads/fasta/ERR5770802.fasta,NODE_22_length_69701_cov_33.779271,21703,22221,-,csuB,1-519/519,===============,0/0,100,100,vfdb,WP_000876480,(csuB) Csu pilus subunit CsuB [Csu fimbriae (VF0461) - Biofilm (VFC0271)] [Acinetobacter baumannii ACICU],
/home/kien1211/Downloads/fasta/ERR5770802.fasta,NODE_22_length_69701_cov_33.779271,22227,22775,-,csuA,1-548/548,========/======,1-Jan,100,99.82,vfdb,,(csuA) Csu pilus subunit CsuA [Csu fimbriae (VF0461) - Biofilm (VFC0271)] [Acinetobacter baumannii ACICU],
/home/kien1211/Downloads/fasta/ERR5770802.fasta,NODE_22_length_69701_cov_33.779271,22850,23386,-,csuA/B,1-537/537,===============,0/0,100,100,vfdb,WP_000790104,(csuA/B) Csu pilus major pilin subunit CsuA/B [Csu fimbriae (VF0461) - Biofilm (VFC0271)] [Acinetobacter baumannii ACICU],
/home/kien1211/Downloads/fasta/ERR5770802.fasta,NODE_22_length_69701_cov_33.779271,58087,58566,-,gspM,1-480/480,===============,0/0,100,100,vfdb,WP_000783000,(gspM) general secretion pathway protein M [T2SS (VF1335) - Effector delivery system (VFC0086)] [Acinetobacter baumannii ACICU],
/home/kien1211/Downloads/fasta/ERR5770802.fasta,NODE_22_length_69701_cov_33.779271,58566,59705,-,gspL,1-1140/1140,===============,0/0,100,100,vfdb,WP_001989189,(gspL) general secretion pathway protein L [T2SS (VF1335) - Effector delivery system (VFC0086)] [Acinetobacter baumannii ACICU],
/home/kien1211/Downloads/fasta/ERR5770802.fasta,NODE_23_length_63016_cov_43.439171,44030,46108,-,pilJ,1-2079/2079,===============,0/0,100,100,vfdb,WP_000505931,(pilJ) methyl-accepting chemotaxis protein [TFP (VF1334) - Adherence (VFC0001)] [Acinetobacter baumannii ACICU],
/home/kien1211/Downloads/fasta/ERR5770802.fasta,NODE_23_length_63016_cov_43.439171,46155,46691,-,pilI,1-537/537,===============,0/0,100,100,vfdb,WP_000729757,(pilI) chemotaxis protein CheW [TFP (VF1334) - Adherence (VFC0001)] [Acinetobacter baumannii ACICU],
/home/kien1211/Downloads/fasta/ERR5770802.fasta,NODE_23_length_63016_cov_43.439171,46752,47114,-,pilH,1-363/363,===============,0/0,100,100,vfdb,WP_000101096,(pilH) response regulator [TFP (VF1334) - Adherence (VFC0001)] [Acinetobacter baumannii ACICU],
/home/kien1211/Downloads/fasta/ERR5770802.fasta,NODE_23_length_63016_cov_43.439171,47138,47521,-,pilG,1-384/384,===============,0/0,100,100,vfdb,WP_000389061,(pilG) twitching motility response regulator PilG [TFP (VF1334) - Adherence (VFC0001)] [Acinetobacter baumannii ACICU],
/home/kien1211/Downloads/fasta/ERR5770802.fasta,NODE_25_length_61649_cov_36.714931,7466,8635,-,basJ,1-1170/1170,===============,0/0,100,100,vfdb,WP_000983821,(basJ) acinetobactin biosynthesis protein BasJ [Acinetobactin (VF0467) - Nutritional/Metabolic factor (VFC0272)] [Acinetobacter baumannii ACICU],
/home/kien1211/Downloads/fasta/ERR5770802.fasta,NODE_25_length_61649_cov_36.714931,8760,9515,-,basI,1-756/756,===============,0/0,100,100,vfdb,WP_001093095,(basI) phosphopantetheinyl transferase component of acinetobactin biosynthesis protein BasI [Acinetobactin (VF0467) - Nutritional/Metabolic factor (VFC0272)] [Acinetobacter baumannii ACICU],
/home/kien1211/Downloads/fasta/ERR5770802.fasta,NODE_25_length_61649_cov_36.714931,9526,10260,-,basH,1-735/735,===============,0/0,100,99.86,vfdb,WP_001032906,(basH) non-ribosomal peptide biosynthesis thioesterase BasH [Acinetobactin (VF0467) - Nutritional/Metabolic factor (VFC0272)] [Acinetobacter baumannii ACICU],
/home/kien1211/Downloads/fasta/ERR5770802.fasta,NODE_25_length_61649_cov_36.714931,10333,11928,-,barB,1-1596/1596,===============,0/0,100,100,vfdb,WP_001095752,(barB) siderophore efflux system of the ABC superfamily [Acinetobactin (VF0467) - Nutritional/Metabolic factor (VFC0272)] [Acinetobacter baumannii ACICU],
/home/kien1211/Downloads/fasta/ERR5770802.fasta,NODE_25_length_61649_cov_36.714931,11925,13535,-,barA,1-1611/1611,===============,0/0,100,100,vfdb,WP_001281538,(barA) siderophore efflux system of the ABC superfamily [Acinetobactin (VF0467) - Nutritional/Metabolic factor (VFC0272)] [Acinetobacter baumannii ACICU],
/home/kien1211/Downloads/fasta/ERR5770802.fasta,NODE_25_length_61649_cov_36.714931,13780,14931,-,basG,1-1152/1152,===============,0/0,100,100,vfdb,WP_000603876,(basG) acinetobactin biosynthesis protein BasF [Acinetobactin (VF0467) - Nutritional/Metabolic factor (VFC0272)] [Acinetobacter baumannii ACICU],
/home/kien1211/Downloads/fasta/ERR5770802.fasta,NODE_25_length_61649_cov_36.714931,15049,15918,-,basF,1-870/870,===============,0/0,100,100,vfdb,WP_001018264,(basF) aryl carrier protein BasF [Acinetobactin (VF0467) - Nutritional/Metabolic factor (VFC0272)] [Acinetobacter baumannii ACICU],
/home/kien1211/Downloads/fasta/ERR5770802.fasta,NODE_25_length_61649_cov_36.714931,15936,17564,-,entE,1-1629/1629,===============,0/0,100,100,vfdb,WP_000744381,(entE) non-ribosomal peptide synthetase adenylate-forming enzyme of acinetobactin synthesis [Acinetobactin (VF0467) - Nutritional/Metabolic factor (VFC0272)] [Acinetobacter baumannii ACICU],
/home/kien1211/Downloads/fasta/ERR5770802.fasta,NODE_25_length_61649_cov_36.714931,17726,20668,+,basD,1-2943/2943,===============,0/0,100,100,vfdb,WP_001177743,(basD) acinetobactin biosynthesis protein BasD [Acinetobactin (VF0467) - Nutritional/Metabolic factor (VFC0272)] [Acinetobacter baumannii ACICU],
/home/kien1211/Downloads/fasta/ERR5770802.fasta,NODE_25_length_61649_cov_36.714931,20716,22026,+,basC,1-1311/1311,===============,0/0,100,100,vfdb,WP_000717759,(basC) acinetobactin biosynthesis protein BasC [Acinetobactin (VF0467) - Nutritional/Metabolic factor (VFC0272)] [Acinetobacter baumannii ACICU],
/home/kien1211/Downloads/fasta/ERR5770802.fasta,NODE_25_length_61649_cov_36.714931,22092,24374,-,bauA,1-2283/2283,===============,0/0,100,99.96,vfdb,WP_001073030,(bauA) TonB-dependent siderophore receptor BauA [Acinetobactin (VF0467) - Nutritional/Metabolic factor (VFC0272)] [Acinetobacter baumannii ACICU],
/home/kien1211/Downloads/fasta/ERR5770802.fasta,NODE_25_length_61649_cov_36.714931,24460,25428,-,bauB,1-969/969,===============,0/0,100,100,vfdb,WP_001104139,(bauB) ferric siderophore ABC transporter periplasmic siderophore-binding protein [Acinetobactin (VF0467) - Nutritional/Metabolic factor (VFC0272)] [Acinetobacter baumannii ACICU],
/home/kien1211/Downloads/fasta/ERR5770802.fasta,NODE_25_length_61649_cov_36.714931,25435,26205,-,bauE,1-771/771,===============,0/0,100,100,vfdb,WP_000582115,(bauE) ferric siderophore ABC transporter ATP-binding protein BauE [Acinetobactin (VF0467) - Nutritional/Metabolic factor (VFC0272)] [Acinetobacter baumannii ACICU],
/home/kien1211/Downloads/fasta/ERR5770802.fasta,NODE_25_length_61649_cov_36.714931,26202,27149,-,bauC,1-948/948,===============,0/0,100,100,vfdb,WP_001223274,(bauC) ferric siderophore ABC transporter permease protein BauC [Acinetobactin (VF0467) - Nutritional/Metabolic factor (VFC0272)] [Acinetobacter baumannii ACICU],
/home/kien1211/Downloads/fasta/ERR5770802.fasta,NODE_25_length_61649_cov_36.714931,27163,28090,-,bauD,1-927/927,========/======,1-Jan,100,99.89,vfdb,WP_012391956,(bauD) ferric siderophore ABC transporter permease protein BauD [Acinetobactin (VF0467) - Nutritional/Metabolic factor (VFC0272)] [Acinetobacter baumannii ACICU],
/home/kien1211/Downloads/fasta/ERR5770802.fasta,NODE_25_length_61649_cov_36.714931,28722,30752,+,basB,1-2031/2031,===============,0/0,100,100,vfdb,WP_000939834,(basB) non-ribosomal peptide synthetase with condensation and peptidyl carrier protein domains [Acinetobactin (VF0467) - Nutritional/Metabolic factor (VFC0272)] [Acinetobacter baumannii ACICU],
/home/kien1211/Downloads/fasta/ERR5770802.fasta,NODE_25_length_61649_cov_36.714931,30823,32670,-,basA,1-1848/1848,===============,0/0,100,100,vfdb,WP_000910253,(basA) acinetobactin biosynthesis protein [Acinetobactin (VF0467) - Nutritional/Metabolic factor (VFC0272)] [Acinetobacter baumannii ACICU],
/home/kien1211/Downloads/fasta/ERR5770802.fasta,NODE_25_length_61649_cov_36.714931,33063,33923,+,bauF,1-861/861,===============,0/0,100,100,vfdb,WP_000160878,(bauF) siderophore-interacting protein [Acinetobactin (VF0467) - Nutritional/Metabolic factor (VFC0272)] [Acinetobacter baumannii ACICU],
/home/kien1211/Downloads/fasta/ERR5770802.fasta,NODE_28_length_47439_cov_41.006616,16017,17135,-,pilU,1-1119/1119,===============,0/0,100,100,vfdb,WP_000347039,(pilU) PilT/PilU family type 4a pilus ATPase [TFP (VF1334) - Adherence (VFC0001)] [Acinetobacter baumannii ACICU],
/home/kien1211/Downloads/fasta/ERR5770802.fasta,NODE_28_length_47439_cov_41.006616,17163,18200,-,pilT,1-1038/1038,===============,0/0,100,100,vfdb,WP_000355489,(pilT) type IV pilus twitching motility protein PilT [TFP (VF1334) - Adherence (VFC0001)] [Acinetobacter baumannii ACICU],
/home/kien1211/Downloads/fasta/ERR5770802.fasta,NODE_2_length_230236_cov_47.614218,54897,55955,+,pilM,1-1059/1059,===============,0/0,100,98.77,vfdb,WP_004644147,(pilM) pilus assembly protein PilM [TFP (VF1334) - Adherence (VFC0001)] [Acinetobacter baumannii ACICU],
/home/kien1211/Downloads/fasta/ERR5770802.fasta,NODE_2_length_230236_cov_47.614218,55955,56596,+,pilN,1-642/642,===============,0/0,100,99.53,vfdb,WP_000201227,(pilN) PilN domain-containing protein [TFP (VF1334) - Adherence (VFC0001)] [Acinetobacter baumannii ACICU],
/home/kien1211/Downloads/fasta/ERR5770802.fasta,NODE_2_length_230236_cov_47.614218,56593,57333,+,pilO,1-741/741,===============,0/0,100,99.59,vfdb,WP_000076098,(pilO) type 4a pilus biogenesis protein PilO [TFP (VF1334) - Adherence (VFC0001)] [Acinetobacter baumannii ACICU],
/home/kien1211/Downloads/fasta/ERR5770802.fasta,NODE_2_length_230236_cov_47.614218,57344,57871,+,pilP,1-528/528,===============,0/0,100,99.24,vfdb,WP_000695065,(pilP) pilus assembly protein PilP [TFP (VF1334) - Adherence (VFC0001)] [Acinetobacter baumannii ACICU],
/home/kien1211/Downloads/fasta/ERR5770802.fasta,NODE_2_length_230236_cov_47.614218,57939,60104,+,pilQ,1-2166/2166,===============,0/0,100,98.43,vfdb,WP_001017033,(pilQ) type IV pilus secretin PilQ [TFP (VF1334) - Adherence (VFC0001)] [Acinetobacter baumannii ACICU],
/home/kien1211/Downloads/fasta/ERR5770802.fasta,NODE_2_length_230236_cov_47.614218,72898,73332,+,pilA,1-438/438,========/======,3-Jan,99.32,95.89,vfdb,WP_000993715,(pilA) pilin [TFP (VF1334) - Adherence (VFC0001)] [Acinetobacter baumannii ACICU],
/home/kien1211/Downloads/fasta/ERR5770802.fasta,NODE_2_length_230236_cov_47.614218,82631,83104,+,fimU,1-474/474,===============,0/0,100,98.52,vfdb,WP_001214067,(fimU) GspH/FimT family pseudopilin [TFP (VF1334) - Adherence (VFC0001)] [Acinetobacter baumannii ACICU],
/home/kien1211/Downloads/fasta/ERR5770802.fasta,NODE_2_length_230236_cov_47.614218,83098,83658,+,pilV,1-561/561,===============,0/0,100,99.82,vfdb,WP_002194578,(pilV) type IV pilus modification protein PilV [TFP (VF1334) - Adherence (VFC0001)] [Acinetobacter baumannii ACICU],
/home/kien1211/Downloads/fasta/ERR5770802.fasta,NODE_2_length_230236_cov_47.614218,83659,84660,+,pilW,1-1002/1002,===============,0/0,100,99.3,vfdb,WP_000079192,(pilW) PilW family protein [TFP (VF1334) - Adherence (VFC0001)] [Acinetobacter baumannii ACICU],
/home/kien1211/Downloads/fasta/ERR5770802.fasta,NODE_2_length_230236_cov_47.614218,84657,85475,+,pilX,1-819/819,===============,0/0,100,98.66,vfdb,WP_000149377,(pilX) hypothetical protein [TFP (VF1334) - Adherence (VFC0001)] [Acinetobacter baumannii ACICU],
/home/kien1211/Downloads/fasta/ERR5770802.fasta,NODE_2_length_230236_cov_47.614218,85487,89341,+,pilY1,1-3855/3855,===============,0/0,100,98.86,vfdb,WP_000768964,(pilY1) VWA domain-containing protein [TFP (VF1334) - Adherence (VFC0001)] [Acinetobacter baumannii ACICU],
/home/kien1211/Downloads/fasta/ERR5770802.fasta,NODE_2_length_230236_cov_47.614218,89354,89836,+,ACICU_RS16840,1-483/483,===============,0/0,100,100,vfdb,WP_001046420,(ACICU_RS16840) prepilin-type N-terminal cleavage/methylation domain-containing protein [TFP (VF1334) - Adherence (VFC0001)] [Acinetobacter baumannii ACICU],
/home/kien1211/Downloads/fasta/ERR5770802.fasta,NODE_2_length_230236_cov_47.614218,89833,90258,+,pilE,1-426/426,===============,0/0,100,100,vfdb,WP_000788342,(pilE) type IV pilin protein [TFP (VF1334) - Adherence (VFC0001)] [Acinetobacter baumannii ACICU],
/home/kien1211/Downloads/fasta/ERR5770802.fasta,NODE_31_length_32898_cov_51.264441,5751,6905,+,tsaP,1-1155/1155,===============,0/0,100,98.7,vfdb,WP_000755268,(tsaP) LysM peptidoglycan-binding domain-containing protein [TFP (VF1334) - Adherence (VFC0001)] [Acinetobacter baumannii ACICU],
/home/kien1211/Downloads/fasta/ERR5770802.fasta,NODE_34_length_24444_cov_45.688654,1282,2907,+,plcD,1-1626/1626,===============,0/0,100,99.94,vfdb,WP_000079188,(plcD) phosphatidylserine/phosphatidylglycerophosphate/cardiolipin synthase [Phospholipase D (VF0469) - Exotoxin (VFC0235)] [Acinetobacter baumannii ACICU],
/home/kien1211/Downloads/fasta/ERR5770802.fasta,NODE_3_length_225720_cov_31.535256,53924,54478,+,gspH,1-555/555,===============,0/0,100,100,vfdb,WP_000841373,(gspH) general secretion pathway protein H [T2SS (VF1335) - Effector delivery system (VFC0086)] [Acinetobacter baumannii ACICU],
/home/kien1211/Downloads/fasta/ERR5770802.fasta,NODE_3_length_225720_cov_31.535256,54468,54848,+,gspI,1-381/381,===============,0/0,100,100,vfdb,WP_000836911,(gspI) general secretion pathway protein I [T2SS (VF1335) - Effector delivery system (VFC0086)] [Acinetobacter baumannii ACICU],
/home/kien1211/Downloads/fasta/ERR5770802.fasta,NODE_3_length_225720_cov_31.535256,55549,56508,+,gspK,1-960/960,===============,0/0,100,99.9,vfdb,WP_000301479,(gspK) general secretion pathway protein K [T2SS (VF1335) - Effector delivery system (VFC0086)] [Acinetobacter baumannii ACICU],
/home/kien1211/Downloads/fasta/ERR5770802.fasta,NODE_3_length_225720_cov_31.535256,148439,149614,+,lpxB,1-1176/1176,===============,0/0,100,100,vfdb,WP_000013434,(lpxB) lipid-A-disaccharide synthase [LPS (VF0466) - Immune modulation (VFC0258)] [Acinetobacter baumannii ACICU],
/home/kien1211/Downloads/fasta/ERR5770802.fasta,NODE_5_length_185620_cov_49.886928,50312,51172,-,gspO/pilD,1-861/861,===============,0/0,100,100,vfdb,WP_001152285,(gspO/pilD) A24 family peptidase [TFP (VF1334) - Adherence (VFC0001)] [Acinetobacter baumannii ACICU],
/home/kien1211/Downloads/fasta/ERR5770802.fasta,NODE_5_length_185620_cov_49.886928,51172,52398,-,pilC,1-1227/1227,===============,0/0,100,100,vfdb,WP_000279216,(pilC) type II secretion system F family protein [TFP (VF1334) - Adherence (VFC0001)] [Acinetobacter baumannii ACICU],
/home/kien1211/Downloads/fasta/ERR5770802.fasta,NODE_5_length_185620_cov_49.886928,52428,54140,-,pilB,1-1713/1713,===============,0/0,100,100,vfdb,WP_001274990,(pilB) type IV-A pilus assembly ATPase PilB [TFP (VF1334) - Adherence (VFC0001)] [Acinetobacter baumannii ACICU],
/home/kien1211/Downloads/fasta/ERR5770802.fasta,NODE_5_length_185620_cov_49.886928,102824,104029,+,gspF,1-1206/1206,===============,0/0,100,100,vfdb,WP_001112089,(gspF) general secretion pathway protein F [T2SS (VF1335) - Effector delivery system (VFC0086)] [Acinetobacter baumannii ACICU],
/home/kien1211/Downloads/fasta/ERR5770802.fasta,NODE_5_length_185620_cov_49.886928,104053,104634,+,gspG,1-582/582,===============,0/0,100,100,vfdb,WP_000865310,(gspG) general secretion pathway protein G [T2SS (VF1335) - Effector delivery system (VFC0086)] [Acinetobacter baumannii ACICU],
/home/kien1211/Downloads/fasta/ERR5770802.fasta,NODE_5_length_185620_cov_49.886928,160400,161764,-,fimV,1-1365/1365,===============,0/0,100,100,vfdb,WP_000128073,(fimV) hypothetical protein [TFP (VF1334) - Adherence (VFC0001)] [Acinetobacter baumannii ACICU],
/home/kien1211/Downloads/fasta/ERR5770802.fasta,NODE_5_length_185620_cov_49.886928,166375,167475,-,lpsB,1-1101/1101,===============,0/0,100,100,vfdb,WP_000867091,(lpsB) glycosyltransferase family 4 protein [LPS (VF0466) - Immune modulation (VFC0258)] [Acinetobacter baumannii ACICU],
/home/kien1211/Downloads/fasta/ERR5770802.fasta,NODE_5_length_185620_cov_49.886928,167741,168676,-,lpxL,1-936/936,===============,0/0,100,100,vfdb,WP_000078878,(lpxL) lauroyl acyltransferase [LPS (VF0466) - Immune modulation (VFC0258)] [Acinetobacter baumannii ACICU],
/home/kien1211/Downloads/fasta/ERR5770802.fasta,NODE_6_length_183635_cov_34.269754,28626,30854,+,plc2,1-2229/2229,===============,0/0,100,100,vfdb,WP_000632986,(plc2) phospholipase C [Phospholipase C (VF0470) - Exotoxin (VFC0235)] [Acinetobacter baumannii ACICU],
/home/kien1211/Downloads/fasta/ERR5770802.fasta,NODE_6_length_183635_cov_34.269754,135102,136172,+,lpxD,1-1071/1071,===============,0/0,100,99.91,vfdb,WP_000868104,(lpxD) UDP-3-O-(3-hydroxymyristoyl)glucosamine N-acyltransferase [LPS (VF0466) - Immune modulation (VFC0258)] [Acinetobacter baumannii ACICU],
/home/kien1211/Downloads/fasta/ERR5770802.fasta,NODE_6_length_183635_cov_34.269754,136661,137449,+,lpxA,1-789/789,===============,0/0,100,100,vfdb,WP_000064875,(lpxA) acyl-ACP--UDP-N-acetylglucosamine O-acyltransferase [LPS (VF0466) - Immune modulation (VFC0258)] [Acinetobacter baumannii ACICU],
/home/kien1211/Downloads/fasta/ERR5770802.fasta,NODE_7_length_179176_cov_47.836698,55557,56357,+,pilF,1-801/801,===============,0/0,100,100,vfdb,WP_002027454,(pilF) type IV pilus biogenesis/stability protein PilW [TFP (VF1334) - Adherence (VFC0001)] [Acinetobacter baumannii ACICU],
/home/kien1211/Downloads/fasta/ERR5770802.fasta,NODE_7_length_179176_cov_47.836698,172275,173765,+,gspE1,1-1491/1491,===============,0/0,100,100,vfdb,WP_001166319,(gspE1) general secretion pathway protein E [T2SS (VF1335) - Effector delivery system (VFC0086)] [Acinetobacter baumannii ACICU],
/home/kien1211/Downloads/fasta/ERR5770802.fasta,NODE_8_length_165946_cov_39.995634,31475,32365,+,ACICU_RS04565,1-891/891,===============,0/0,100,95.17,vfdb,WP_001105554,(ACICU_RS04565) LysR family transcriptional regulator [HemO cluster (VF0636) - Nutritional/Metabolic factor (VFC0272)] [Acinetobacter baumannii ACICU],
/home/kien1211/Downloads/fasta/ERR5770802.fasta,NODE_8_length_165946_cov_39.995634,32502,33023,+,ACICU_RS04570,1-522/522,===============,0/0,100,97.51,vfdb,WP_004748062,(ACICU_RS04570) sigma-70 family RNA polymerase sigma factor [HemO cluster (VF0636) - Nutritional/Metabolic factor (VFC0272)] [Acinetobacter baumannii ACICU],
/home/kien1211/Downloads/fasta/ERR5770802.fasta,NODE_8_length_165946_cov_39.995634,33024,34040,+,ACICU_RS04575,1-1017/1017,===============,0/0,100,95.67,vfdb,WP_001240499,(ACICU_RS04575) FecR domain-containing protein [HemO cluster (VF0636) - Nutritional/Metabolic factor (VFC0272)] [Acinetobacter baumannii ACICU],
/home/kien1211/Downloads/fasta/ERR5770802.fasta,NODE_8_length_165946_cov_39.995634,34249,37353,+,ACICU_RS04580,1-3105/3105,===============,0/0,100,95.23,vfdb,WP_085947929,(ACICU_RS04580) TonB-dependent receptor [HemO cluster (VF0636) - Nutritional/Metabolic factor (VFC0272)] [Acinetobacter baumannii ACICU],
/home/kien1211/Downloads/fasta/ERR5770802.fasta,NODE_8_length_165946_cov_39.995634,37546,38337,+,ACICU_RS04585,1-792/792,===============,0/0,100,96.47,vfdb,WP_002002089,(ACICU_RS04585) transferrin-binding protein-like solute binding protein [HemO cluster (VF0636) - Nutritional/Metabolic factor (VFC0272)] [Acinetobacter baumannii ACICU],
/home/kien1211/Downloads/fasta/ERR5770802.fasta,NODE_8_length_165946_cov_39.995634,38448,39913,+,ACICU_RS04590,2-1467/1467,===============,0/0,99.93,95.84,vfdb,WP_085947930,(ACICU_RS04590) porin family protein [HemO cluster (VF0636) - Nutritional/Metabolic factor (VFC0272)] [Acinetobacter baumannii ACICU],
/home/kien1211/Downloads/fasta/ERR5770802.fasta,NODE_8_length_165946_cov_39.995634,39924,40844,+,ACICU_RS04595,1-921/921,===============,0/0,100,94.03,vfdb,WP_000837764,(ACICU_RS04595) TonB family protein [HemO cluster (VF0636) - Nutritional/Metabolic factor (VFC0272)] [Acinetobacter baumannii ACICU],
/home/kien1211/Downloads/fasta/ERR5770802.fasta,NODE_8_length_165946_cov_39.995634,40877,41476,+,hemO,1-600/600,===============,0/0,100,98.17,vfdb,WP_002062720,(hemO) biliverdin-producing heme oxygenase [HemO cluster (VF0636) - Nutritional/Metabolic factor (VFC0272)] [Acinetobacter baumannii ACICU],
/home/kien1211/Downloads/fasta/ERR5770802.fasta,NODE_8_length_165946_cov_39.995634,41505,41945,+,ACICU_RS04605,1-441/441,===============,0/0,100,100,vfdb,WP_000359621,(ACICU_RS04605) YbaN family protein [HemO cluster (VF0636) - Nutritional/Metabolic factor (VFC0272)] [Acinetobacter baumannii ACICU],
/home/kien1211/Downloads/fasta/ERR5770802.fasta,NODE_8_length_165946_cov_39.995634,41948,42223,-,ACICU_RS04610,1-276/276,===============,0/0,100,99.64,vfdb,WP_000061137,(ACICU_RS04610) hypothetical protein [HemO cluster (VF0636) - Nutritional/Metabolic factor (VFC0272)] [Acinetobacter baumannii ACICU],
/home/kien1211/Downloads/fasta/ERR5770802.fasta,NODE_9_length_158892_cov_42.493308,37223,37939,+,bfmR,1-717/717,===============,0/0,100,100,vfdb,WP_000076440,(bfmR) biofilm-controlling response regulator [BfmRS (VF0463) - Regulation (VFC0301)] [Acinetobacter baumannii ACICU],
/home/kien1211/Downloads/fasta/ERR5770802.fasta,NODE_9_length_158892_cov_42.493308,37972,39621,+,bfmS,1-1650/1650,===============,0/0,100,100,vfdb,WP_000472465,(bfmS) signal transduction histidine kinase [BfmRS (VF0463) - Regulation (VFC0301)] [Acinetobacter baumannii ACICU],
