gene	start	end	length	strand	gc_content	genetic_code	rbs_motif	marker	evalue	bitscore	uscg	plasmid_hallmark	virus_hallmark	taxid	taxname	annotation_conjscan	annotation_amr	annotation_accessions	annotation_description
NODE_9_length_144343_cov_49.225786_1	380	958	579	-1	0.377	11	TAA	NA	NA	NA	0	0	0	1	NA	NA	NA	NA	NA
NODE_9_length_144343_cov_49.225786_2	1014	1322	309	-1	0.388	11	None	GENOMAD.162129.CP	8.109e-15	71	0	0	0	1	NA	NA	NA	PF13806;COG2146;TIGR02377;K05710	Ferredoxin subunit of nitrite reductase or a ring-hydroxylating dioxygenase
NODE_9_length_144343_cov_49.225786_3	1339	2343	1005	-1	0.403	11	None	NA	NA	NA	0	0	0	1	NA	NA	NA	NA	NA
NODE_9_length_144343_cov_49.225786_4	2620	4677	2058	1	0.384	11	None	GENOMAD.148417.CP	2.307e-91	319	0	0	0	1246	Caudoviricetes	NA	NA	PF14905;PF07715;K16090;TIGR01783;COG4774	TonB-dependent siderophore receptor
NODE_9_length_144343_cov_49.225786_5	4890	7868	2979	1	0.397	11	None	NA	NA	NA	0	0	0	1	NA	NA	NA	NA	NA
NODE_9_length_144343_cov_49.225786_6	7889	9040	1152	1	0.410	11	AATAA	NA	NA	NA	0	0	0	1	NA	NA	NA	NA	NA
NODE_9_length_144343_cov_49.225786_7	9081	10418	1338	-1	0.374	11	None	NA	NA	NA	0	0	0	1	NA	NA	NA	NA	NA
NODE_9_length_144343_cov_49.225786_8	10437	11201	765	-1	0.335	11	AAAAA	NA	NA	NA	0	0	0	1	NA	NA	NA	NA	NA
NODE_9_length_144343_cov_49.225786_9	11232	12779	1548	-1	0.420	11	TAAA	NA	NA	NA	0	0	0	1	NA	NA	NA	NA	NA
NODE_9_length_144343_cov_49.225786_10	12881	13552	672	1	0.394	11	None	NA	NA	NA	0	0	0	1	NA	NA	NA	NA	NA
NODE_9_length_144343_cov_49.225786_11	13564	14232	669	1	0.389	11	TAA	NA	NA	NA	0	0	0	1	NA	NA	NA	NA	NA
NODE_9_length_144343_cov_49.225786_12	14229	15749	1521	-1	0.384	11	None	NA	NA	NA	0	0	0	1	NA	NA	NA	NA	NA
NODE_9_length_144343_cov_49.225786_13	15932	16987	1056	1	0.390	11	None	GENOMAD.115187.CP	8.355e-48	178	0	0	0	1	NA	NA	NA	PF02774;PF01118;K05829;TIGR01850;COG0002	N-acetyl-gamma-glutamyl-phosphate reductase, common form
NODE_9_length_144343_cov_49.225786_14	17030	17821	792	1	0.395	11	TAA	GENOMAD.018871.CC	5.636e-137	432	0	0	0	1	NA	NA	NA	PF20567	NA
NODE_9_length_144343_cov_49.225786_15	17831	18244	414	1	0.406	11	TAA	NA	NA	NA	0	0	0	1	NA	NA	NA	NA	NA
NODE_9_length_144343_cov_49.225786_16	18254	20530	2277	1	0.401	11	TAAA	GENOMAD.046845.VV	5.37e-34	144	0	0	0	1246	Caudoviricetes	NA	NA	PF10431	NA
NODE_9_length_144343_cov_49.225786_17	20534	20896	363	1	0.408	11	TAA	NA	NA	NA	0	0	0	1	NA	NA	NA	NA	NA
NODE_9_length_144343_cov_49.225786_18	21324	22379	1056	1	0.379	11	None	NA	NA	NA	0	0	0	1	NA	NA	NA	NA	NA
NODE_9_length_144343_cov_49.225786_19	22427	23329	903	-1	0.373	11	None	NA	NA	NA	0	0	0	1	NA	NA	NA	NA	NA
NODE_9_length_144343_cov_49.225786_20	23347	23907	561	-1	0.403	11	None	GENOMAD.153245.CP	3.588e-10	61	0	0	0	1	NA	NA	NA	PF14557;K10917;COG3811;TIGR03433	Putative AphA-like transcriptional regulator
NODE_9_length_144343_cov_49.225786_21	24043	26067	2025	1	0.405	11	None	GENOMAD.112985.CP	1.861e-07	57	0	0	0	1246	Caudoviricetes	NA	NA	PF01134;PF14691;PF17179;PF12798;K15022;TIGR01316;COG0493	glutamate synthase (NADPH), homotetrameric
NODE_9_length_144343_cov_49.225786_22	26138	26545	408	1	0.348	11	AAAAA	GENOMAD.192344.CP	1.198e-24	101	0	0	0	1	NA	NA	NA	PF07080;K01822;COG4538;TIGR02096	Uncharacterized conserved protein (DUF2358)
NODE_9_length_144343_cov_49.225786_23	26588	27304	717	1	0.388	11	None	GENOMAD.190945.CP	1.888e-37	143	0	0	0	1	NA	NA	NA	PF17182;COG2755;K09795	OSK domain
NODE_9_length_144343_cov_49.225786_24	27324	28418	1095	1	0.377	11	None	GENOMAD.130093.CV	1.023e-87	295	0	0	0	1	NA	NA	NA	PF00561;K13696;COG0429;TIGR03695	Predicted hydrolase of the alpha/beta-hydrolase fold
NODE_9_length_144343_cov_49.225786_25	28471	29352	882	-1	0.367	11	TAA	NA	NA	NA	0	0	0	1	NA	NA	NA	NA	NA
NODE_9_length_144343_cov_49.225786_26	29552	30040	489	-1	0.425	11	TAAA	NA	NA	NA	0	0	0	1	NA	NA	NA	NA	NA
NODE_9_length_144343_cov_49.225786_27	30264	31901	1638	1	0.400	11	AAA	NA	NA	NA	0	0	0	1	NA	NA	NA	NA	NA
NODE_9_length_144343_cov_49.225786_28	31933	32790	858	1	0.390	11	AATAA	NA	NA	NA	0	0	0	1	NA	NA	NA	NA	NA
NODE_9_length_144343_cov_49.225786_29	32836	34125	1290	1	0.392	11	None	NA	NA	NA	0	0	0	1	NA	NA	NA	NA	NA
NODE_9_length_144343_cov_49.225786_30	34222	34899	678	-1	0.366	11	TAAA	NA	NA	NA	0	0	0	1	NA	NA	NA	NA	NA
NODE_9_length_144343_cov_49.225786_31	35527	35916	390	1	0.395	11	TAA	GENOMAD.000998.CC	6.756e-20	87	0	0	0	1	NA	NA	NA	PF04977;K05589;COG2919;TIGR02209	Cell division protein FtsB
NODE_9_length_144343_cov_49.225786_32	35882	36598	717	1	0.386	11	AAA	NA	NA	NA	0	0	0	1	NA	NA	NA	NA	NA
NODE_9_length_144343_cov_49.225786_33	36947	37618	672	1	0.475	11	None	NA	NA	NA	0	0	0	1	NA	NA	NA	NA	NA
NODE_9_length_144343_cov_49.225786_34	37637	38290	654	1	0.472	11	TAA	NA	NA	NA	0	0	0	1	NA	NA	NA	NA	NA
NODE_9_length_144343_cov_49.225786_35	38303	39514	1212	1	0.480	11	TAA	NA	NA	NA	0	0	0	1	NA	NA	NA	NA	NA
NODE_9_length_144343_cov_49.225786_36	39595	40872	1278	1	0.445	11	TAA	NA	NA	NA	0	0	0	1	NA	NA	NA	NA	NA
NODE_9_length_144343_cov_49.225786_37	40869	41654	786	1	0.394	11	None	NA	NA	NA	0	0	0	1	NA	NA	NA	NA	NA
NODE_9_length_144343_cov_49.225786_38	41697	43052	1356	1	0.444	11	TAA	GENOMAD.168138.CP	0.0001183	47	0	0	0	1	NA	NA	NF033135	PF01306;K08194;TIGR00903;COG2223	major facilitator 4 family protein
NODE_9_length_144343_cov_49.225786_39	43068	43481	414	1	0.425	11	TAA	NA	NA	NA	0	0	0	1	NA	NA	NA	NA	NA
NODE_9_length_144343_cov_49.225786_40	43492	44217	726	1	0.413	11	TAA	GENOMAD.170300.PC	1.014e-08	58	0	0	0	1	NA	NA	NA	PF00775;K00448;TIGR02423;COG3485	protocatechuate 3,4-dioxygenase, alpha subunit
NODE_9_length_144343_cov_49.225786_41	44232	44861	630	1	0.419	11	TAA	GENOMAD.170300.PC	1.048e-41	154	0	0	0	1	NA	NA	NA	PF00775;K00448;TIGR02423;COG3485	protocatechuate 3,4-dioxygenase, alpha subunit
NODE_9_length_144343_cov_49.225786_42	44924	45757	834	1	0.393	11	TAA	NA	NA	NA	0	0	0	1	NA	NA	NA	NA	NA
NODE_9_length_144343_cov_49.225786_43	45777	47228	1452	1	0.401	11	TAA	GENOMAD.197694.VC	4.308e-241	745	0	0	0	1	NA	NA	NA	K09483;COG3420	Nitrous oxidase accessory protein NosD, contains tandem CASH domains
NODE_9_length_144343_cov_49.225786_44	47300	48607	1308	1	0.412	11	AAA	GENOMAD.190617.PC	1.871e-68	242	0	0	0	1	NA	NA	NA	PF04966;COG3659;K07267	Carbohydrate-selective porin OprB
NODE_9_length_144343_cov_49.225786_45	48648	51119	2472	1	0.434	11	TAA	GENOMAD.179037.PC	2.227e-10	67	0	0	0	1	NA	NA	NA	K05358;COG4993;TIGR03074	Glucose dehydrogenase
NODE_9_length_144343_cov_49.225786_46	51749	52216	468	1	0.359	11	TAA	GENOMAD.029169.CC	8.954e-05	44	0	0	0	1	NA	NA	NA	PF20033;COG3009	NA
NODE_9_length_144343_cov_49.225786_47	52352	52765	414	1	0.394	11	TAA	NA	NA	NA	0	0	0	1	NA	NA	NA	NA	NA
NODE_9_length_144343_cov_49.225786_48	52770	53183	414	1	0.341	11	TAA	GENOMAD.151842.CP	2.534e-06	48	0	0	0	1	NA	NA	NA	PF20398;COG2391	Sulphur transport
NODE_9_length_144343_cov_49.225786_49	53188	54054	867	1	0.361	11	AATAA	NA	NA	NA	0	0	0	1	NA	NA	NA	NA	NA
NODE_9_length_144343_cov_49.225786_50	54108	54920	813	-1	0.390	11	None	GENOMAD.123927.CP	4.713e-16	81	0	0	0	1	NA	NA	NA	PF01614;PF09202;K19333;COG1414;TIGR02431	DNA-binding transcriptional regulator, IclR family
NODE_9_length_144343_cov_49.225786_51	54963	55883	921	-1	0.357	11	AATAA	NA	NA	NA	0	0	0	1	NA	NA	NA	NA	NA
NODE_9_length_144343_cov_49.225786_52	55972	57213	1242	1	0.415	11	AAAA	NA	NA	NA	0	0	0	1	NA	NA	NA	NA	NA
NODE_9_length_144343_cov_49.225786_53	57231	58352	1122	1	0.398	11	TAA	NA	NA	NA	0	0	0	1	NA	NA	NA	NA	NA
NODE_9_length_144343_cov_49.225786_54	58349	59047	699	1	0.411	11	TAA	GENOMAD.183474.CP	9.715e-44	161	0	0	0	1	NA	NA	NA	PF00300;COG0588;TIGR03848;K15634	Phosphoglycerate mutase (BPG-dependent)
NODE_9_length_144343_cov_49.225786_55	59063	59806	744	1	0.410	11	AATAA	NA	NA	NA	0	0	0	1	NA	NA	NA	NA	NA
NODE_9_length_144343_cov_49.225786_56	59842	61098	1257	-1	0.381	11	None	GENOMAD.116878.PP	4.362e-261	799	0	0	0	1	NA	NA	NA	PF03573;K21758	outer membrane porin, OprD family
NODE_9_length_144343_cov_49.225786_57	61215	62564	1350	-1	0.406	11	TAA	NA	NA	NA	0	0	0	1	NA	NA	NA	NA	NA
NODE_9_length_144343_cov_49.225786_58	62977	63519	543	-1	0.346	11	TAA	GENOMAD.228067.PC	3.514e-22	96	0	0	0	1	NA	NA	NA	PF20024;K15973;TIGR04472;COG5631	mobile rSAM pair MarR family regulator
NODE_9_length_144343_cov_49.225786_59	63594	64703	1110	1	0.412	11	TAAAAA	NA	NA	NA	0	0	0	1	NA	NA	NA	NA	NA
NODE_9_length_144343_cov_49.225786_60	64719	65888	1170	1	0.444	11	AATAA	GENOMAD.152217.PC	2.787e-44	169	0	0	0	1	NA	NA	NA	PF08028;PF02771;K22027;COG1960;TIGR04022	Acyl-CoA dehydrogenase related to the alkylation response protein AidB
NODE_9_length_144343_cov_49.225786_61	65917	66276	360	1	0.442	11	AAAAA	GENOMAD.102369.PP	2.504e-42	151	0	0	0	1	NA	NA	NA	NA	NA
NODE_9_length_144343_cov_49.225786_62	66287	66814	528	1	0.379	11	None	GENOMAD.211184.PC	2.509e-102	327	0	0	0	1	NA	NA	NA	PF02982;COG5517;TIGR03232	Scytalone dehydratase
NODE_9_length_144343_cov_49.225786_63	66811	68121	1311	1	0.429	11	None	NA	NA	NA	0	0	0	1	NA	NA	NA	NA	NA
NODE_9_length_144343_cov_49.225786_64	68132	68617	486	1	0.397	11	TAA	GENOMAD.170862.PC	3.488e-75	248	0	0	0	1	NA	NA	NA	PF00866;K05550;TIGR03231;COG5517	anthranilate 1,2-dioxygenase, small subunit
NODE_9_length_144343_cov_49.225786_65	68628	69365	738	1	0.440	11	None	NA	NA	NA	0	0	0	1	NA	NA	NA	NA	NA
NODE_9_length_144343_cov_49.225786_66	69400	70353	954	1	0.421	11	AAAA	GENOMAD.161620.PC	2.057e-07	55	0	0	0	1	NA	NA	NA	PF08030;K21607;TIGR02160;COG1018	phenylacetate-CoA oxygenase/reductase, PaaK subunit
NODE_9_length_144343_cov_49.225786_67	70402	71355	954	1	0.409	11	AAA	GENOMAD.140649.CP	2.881e-28	119	0	0	0	1	NA	NA	NA	PF01613;K23462;TIGR03615;COG1853	pyrimidine utilization flavin reductase protein F
NODE_9_length_144343_cov_49.225786_68	71554	72468	915	1	0.348	11	TAA	GENOMAD.147295.CP	8.943e-17	84	0	0	0	1	NA	NA	NA	PF14525;PF12833;K14063;TIGR02297;COG2207	4-hydroxyphenylacetate catabolism regulatory protein HpaA
NODE_9_length_144343_cov_49.225786_69	72686	74992	2307	1	0.397	11	AAAA	NA	NA	NA	0	0	0	1	NA	NA	NA	NA	NA
NODE_9_length_144343_cov_49.225786_70	75075	76352	1278	1	0.376	11	AAAAA	NA	NA	NA	0	0	0	1	NA	NA	NA	NA	NA
NODE_9_length_144343_cov_49.225786_71	76384	77871	1488	1	0.401	11	AAA	GENOMAD.168696.PC	3.314e-05	49	0	0	0	1	NA	NA	NA	PF07368;TIGR00407;COG0014;K18601	gamma-glutamyl phosphate reductase
NODE_9_length_144343_cov_49.225786_72	77943	80405	2463	-1	0.398	11	TAA	GENOMAD.148099.CP	1.169e-32	140	0	0	0	1	NA	NA	NA	PF01804;PF06588;COG2366;K01434	Penicillin amidase; Muskelin N-terminus
NODE_9_length_144343_cov_49.225786_73	80666	81445	780	-1	0.417	11	TAA	NA	NA	NA	0	0	0	1	NA	NA	NA	NA	NA
NODE_9_length_144343_cov_49.225786_74	81456	82670	1215	-1	0.494	11	TAAA	NA	NA	NA	0	0	0	1	NA	NA	NA	NA	NA
NODE_9_length_144343_cov_49.225786_75	83090	83743	654	-1	0.491	11	TAA	NA	NA	NA	0	0	0	1	NA	NA	NA	NA	NA
NODE_9_length_144343_cov_49.225786_76	83762	84433	672	-1	0.472	11	TAA	NA	NA	NA	0	0	0	1	NA	NA	NA	NA	NA
NODE_9_length_144343_cov_49.225786_77	84568	85488	921	-1	0.440	11	TAA	NA	NA	NA	0	0	0	1	NA	NA	NA	NA	NA
NODE_9_length_144343_cov_49.225786_78	85649	85939	291	-1	0.392	11	TAA	GENOMAD.191664.PC	2.047e-18	81	0	0	0	1	NA	NA	NA	PF02426;K03464;TIGR03221;COG4829	muconolactone delta-isomerase
NODE_9_length_144343_cov_49.225786_79	85963	87069	1107	-1	0.422	11	TAA	NA	NA	NA	0	0	0	1	NA	NA	NA	NA	NA
NODE_9_length_144343_cov_49.225786_80	87170	88084	915	1	0.367	11	TAA	NA	NA	NA	0	0	0	1	NA	NA	NA	NA	NA
NODE_9_length_144343_cov_49.225786_81	88166	88960	795	1	0.371	11	AAAA	NA	NA	NA	0	0	0	1	NA	NA	NA	NA	NA
NODE_9_length_144343_cov_49.225786_82	89028	89744	717	-1	0.377	11	TAA	GENOMAD.133667.CP	0.0003126	44	0	0	0	1	NA	NA	NA	PF07840;PF07729;K22104;TIGR02812;COG2186	fatty acid metabolism transcriptional regulator FadR
NODE_9_length_144343_cov_49.225786_83	89828	91561	1734	-1	0.448	11	None	NA	NA	NA	0	0	0	1	NA	NA	NA	NA	NA
NODE_9_length_144343_cov_49.225786_84	91719	93035	1317	1	0.412	11	AATAA	NA	NA	NA	0	0	0	1	NA	NA	NA	NA	NA
NODE_9_length_144343_cov_49.225786_85	93046	94044	999	1	0.415	11	AATAA	GENOMAD.194465.PC	4.483e-102	335	0	0	0	1	NA	NA	NA	PF11010;COG3802;K14259;TIGR01266	Fumarylacetoacetate (FAA) hydrolase family protein
NODE_9_length_144343_cov_49.225786_86	94056	95630	1575	1	0.469	11	TAA	GENOMAD.168696.PC	6.722e-122	402	0	0	0	1	NA	NA	NA	PF07368;TIGR00407;COG0014;K18601	gamma-glutamyl phosphate reductase
NODE_9_length_144343_cov_49.225786_87	95793	96782	990	1	0.365	11	TAA	NA	NA	NA	0	0	0	1	NA	NA	NA	NA	NA
NODE_9_length_144343_cov_49.225786_88	96779	97123	345	1	0.351	11	AAAA	NA	NA	NA	0	0	0	1	NA	NA	NA	NA	NA
NODE_9_length_144343_cov_49.225786_89	97116	97844	729	1	0.358	11	None	NA	NA	NA	0	0	0	1	NA	NA	NA	NA	NA
NODE_9_length_144343_cov_49.225786_90	97841	99001	1161	1	0.424	11	TAA	NA	NA	NA	0	0	0	1	NA	NA	NA	NA	NA
NODE_9_length_144343_cov_49.225786_91	99020	99787	768	1	0.376	11	AATAA	NA	NA	NA	0	0	0	1	NA	NA	NA	NA	NA
NODE_9_length_144343_cov_49.225786_92	99811	101694	1884	1	0.346	11	TAA	NA	NA	NA	0	0	0	1	NA	NA	NA	NA	NA
NODE_9_length_144343_cov_49.225786_93	101887	103473	1587	1	0.388	11	TAAA	NA	NA	NA	0	0	0	1	NA	NA	NA	NA	NA
NODE_9_length_144343_cov_49.225786_94	103501	103812	312	1	0.314	11	AAAAAA	GENOMAD.182066.CP	1.886e-14	70	0	0	0	1	NA	NA	NA	PF04341;COG3162	Uncharacterized membrane protein, DUF485 family
NODE_9_length_144343_cov_49.225786_95	103805	105457	1653	1	0.390	11	TAA	GENOMAD.119360.CP	3.951e-221	691	0	0	0	1	NA	NA	NA	COG4147	Na+(or H+)/acetate symporter ActP
NODE_9_length_144343_cov_49.225786_96	105605	106591	987	-1	0.389	11	TAA	NA	NA	NA	0	0	0	1	NA	NA	NA	NA	NA
NODE_9_length_144343_cov_49.225786_97	106675	108120	1446	-1	0.420	11	None	NA	NA	NA	0	0	0	1	NA	NA	NA	NA	NA
NODE_9_length_144343_cov_49.225786_98	108170	109063	894	-1	0.400	11	TAA	NA	NA	NA	0	0	0	1	NA	NA	NA	NA	NA
NODE_9_length_144343_cov_49.225786_99	109485	110315	831	1	0.403	11	None	GENOMAD.159647.PC	3.604e-47	173	0	0	0	1	NA	NA	NA	PF08386	TAP-like protein
NODE_9_length_144343_cov_49.225786_100	110392	111912	1521	1	0.416	11	None	NA	NA	NA	0	0	0	1	NA	NA	NA	NA	NA
NODE_9_length_144343_cov_49.225786_101	111936	112199	264	-1	0.318	11	TAAA	NA	NA	NA	0	0	0	1	NA	NA	NA	NA	NA
NODE_9_length_144343_cov_49.225786_102	112381	113448	1068	-1	0.379	11	TAA	NA	NA	NA	0	0	0	1	NA	NA	NA	NA	NA
NODE_9_length_144343_cov_49.225786_103	113624	114490	867	-1	0.368	11	TAAAA	NA	NA	NA	0	0	0	1	NA	NA	NA	NA	NA
NODE_9_length_144343_cov_49.225786_104	114630	115640	1011	-1	0.409	11	TAAA	NA	NA	NA	0	0	0	1	NA	NA	NA	NA	NA
NODE_9_length_144343_cov_49.225786_105	115832	116254	423	1	0.352	11	None	NA	NA	NA	0	0	0	1	NA	NA	NA	NA	NA
NODE_9_length_144343_cov_49.225786_106	116453	117697	1245	1	0.423	11	None	NA	NA	NA	0	0	0	1	NA	NA	NA	NA	NA
NODE_9_length_144343_cov_49.225786_107	117706	118773	1068	1	0.445	11	TAA	NA	NA	NA	0	0	0	1	NA	NA	NA	NA	NA
NODE_9_length_144343_cov_49.225786_108	118959	119543	585	1	0.385	11	TAA	NA	NA	NA	0	0	0	1	NA	NA	NA	NA	NA
NODE_9_length_144343_cov_49.225786_109	119705	120142	438	-1	0.354	11	TAA	GENOMAD.153467.PC	7.108e-05	44	0	0	0	1	NA	NA	NA	PF13171;K08365;TIGR02044;COG0789	Cu(I)-responsive transcriptional regulator
NODE_9_length_144343_cov_49.225786_110	120274	120966	693	1	0.394	11	None	NA	NA	NA	0	0	0	1	NA	NA	NA	NA	NA
NODE_9_length_144343_cov_49.225786_111	121058	122263	1206	-1	0.432	11	TAA	NA	NA	NA	0	0	0	1	NA	NA	NA	NA	NA
NODE_9_length_144343_cov_49.225786_112	122422	122970	549	-1	0.434	11	AAA	NA	NA	NA	0	0	0	1	NA	NA	NA	NA	NA
NODE_9_length_144343_cov_49.225786_113	123169	124188	1020	-1	0.429	11	TAA	GENOMAD.136647.CP	5.292e-84	283	0	0	0	1	NA	NA	NA	PF12706;K03476;COG2220;TIGR03307	L-ascorbate metabolism protein UlaG, beta-lactamase superfamily
NODE_9_length_144343_cov_49.225786_114	124327	124896	570	-1	0.407	11	None	GENOMAD.137459.CP	8.381e-07	51	0	0	0	1	NA	NA	NA	PF16295;PF00440;K18136;TIGR03384;COG1309	transcriptional repressor BetI
NODE_9_length_144343_cov_49.225786_115	125081	125377	297	-1	0.357	11	None	GENOMAD.177079.CP	0.0001906	41	0	0	0	1	NA	NA	NA	PF03992;COG1359;K11530;TIGR03792	Quinol monooxygenase YgiN
NODE_9_length_144343_cov_49.225786_116	125417	126058	642	-1	0.393	11	TAA	NA	NA	NA	0	0	0	1	NA	NA	NA	NA	NA
NODE_9_length_144343_cov_49.225786_117	126211	127137	927	1	0.369	11	TAA	GENOMAD.178981.PC	0.0001268	46	0	0	0	1	NA	NA	NA	NA	NA
NODE_9_length_144343_cov_49.225786_118	127283	128767	1485	1	0.374	11	TAA	NA	NA	NA	0	0	0	1	NA	NA	NA	NA	NA
NODE_9_length_144343_cov_49.225786_119	129003	130841	1839	1	0.412	11	AAAA	NA	NA	NA	0	0	0	1	NA	NA	NA	NA	NA
NODE_9_length_144343_cov_49.225786_120	130886	131611	726	-1	0.288	11	None	NA	NA	NA	0	0	0	1	NA	NA	NA	NA	NA
NODE_9_length_144343_cov_49.225786_121	131829	133175	1347	-1	0.399	11	AAAA	NA	NA	NA	0	0	0	1	NA	NA	NA	NA	NA
NODE_9_length_144343_cov_49.225786_122	133309	133413	105	1	0.238	11	TAAA	NA	NA	NA	0	0	0	1	NA	NA	NA	NA	NA
NODE_9_length_144343_cov_49.225786_123	134121	134669	549	1	0.332	11	TAA	GENOMAD.116275.CP	3.313e-05	46	0	0	0	1	NA	NA	NA	PF16925;PF13022;K16137;TIGR03384;COG3226	transcriptional repressor BetI
NODE_9_length_144343_cov_49.225786_124	134917	136662	1746	1	0.395	11	TACAA	NA	NA	NA	0	0	0	1	NA	NA	NA	NA	NA
NODE_9_length_144343_cov_49.225786_125	136687	143112	6426	1	0.370	11	None	NA	NA	NA	0	0	0	1	NA	NA	NA	NA	NA
NODE_9_length_144343_cov_49.225786_126	143135	143596	462	1	0.288	11	None	NA	NA	NA	0	0	0	1	NA	NA	NA	NA	NA
NODE_9_length_144343_cov_49.225786_127	143990	144130	141	1	0.291	11	TAA	NA	NA	NA	0	0	0	1	NA	NA	NA	NA	NA
NODE_11_length_135047_cov_50.409984_1	98	622	525	1	0.371	11	None	NA	NA	NA	0	0	0	1	NA	NA	NA	NA	NA
NODE_11_length_135047_cov_50.409984_2	784	1218	435	1	0.366	11	AGxAG	GENOMAD.154104.PC	7.661e-16	76	0	0	0	1	NA	NA	NA	PF11720;PF16339;COG5510	Peptidase inhibitor I78 family
NODE_11_length_135047_cov_50.409984_3	1419	1517	99	1	0.323	11	AGGA	NA	NA	NA	0	0	0	1	NA	NA	NA	NA	NA
NODE_11_length_135047_cov_50.409984_4	2079	3014	936	1	0.418	11	GGAG/GAGG	NA	NA	NA	0	0	0	1	NA	NA	NA	NA	NA
NODE_11_length_135047_cov_50.409984_5	3072	3980	909	-1	0.371	11	GGA/GAG/AGG	GENOMAD.148296.CP	3.443e-35	139	0	0	0	1	NA	NA	NA	PF16913;K03298;COG5006;TIGR03340	Purine nucleobase transmembrane transport
NODE_11_length_135047_cov_50.409984_6	4341	5081	741	1	0.375	11	None	GENOMAD.126222.CP	1.02e-07	55	0	0	0	1	NA	NA	NA	PF07840;TIGR03338;K22293;COG1802	phosphonate utilization associated transcriptional regulator
NODE_11_length_135047_cov_50.409984_7	5250	6182	933	1	0.429	11	AGGA	NA	NA	NA	0	0	0	1	NA	NA	NA	NA	NA
NODE_11_length_135047_cov_50.409984_8	6179	7282	1104	1	0.441	11	None	NA	NA	NA	0	0	0	1	NA	NA	NA	NA	NA
NODE_11_length_135047_cov_50.409984_9	7283	7513	231	1	0.437	11	AGGAG	GENOMAD.160289.CP	5.854e-22	90	0	0	0	1	NA	NA	NA	PF13510;K22550;COG3383;TIGR01973	Predicted molibdopterin-dependent oxidoreductase YjgC
NODE_11_length_135047_cov_50.409984_10	7513	8775	1263	1	0.454	11	GGA/GAG/AGG	GENOMAD.133542.CP	4.866e-28	121	0	0	0	1	NA	NA	NA	PF01134;PF17806;K24954;COG1251;TIGR01372	NAD(P)H-nitrite reductase, large subunit
NODE_11_length_135047_cov_50.409984_11	8820	9572	753	1	0.372	11	None	NA	NA	NA	0	0	0	1	NA	NA	NA	NA	NA
NODE_11_length_135047_cov_50.409984_12	9638	10927	1290	-1	0.412	11	AGGA	NA	NA	NA	0	0	0	1	NA	NA	NA	NA	NA
NODE_11_length_135047_cov_50.409984_13	11086	12666	1581	-1	0.455	11	GGAG/GAGG	GENOMAD.168696.PC	1.712e-120	398	0	0	0	1	NA	NA	NA	PF07368;TIGR00407;COG0014;K18601	gamma-glutamyl phosphate reductase
NODE_11_length_135047_cov_50.409984_14	12819	14390	1572	-1	0.427	11	AGGA	NA	NA	NA	0	0	0	1	NA	NA	NA	NA	NA
NODE_11_length_135047_cov_50.409984_15	14840	16219	1380	1	0.413	11	GGA/GAG/AGG	NA	NA	NA	0	0	0	1	NA	NA	NA	NA	NA
NODE_11_length_135047_cov_50.409984_16	16263	18365	2103	-1	0.431	11	AGGAG	GENOMAD.148027.CP	1.064e-11	71	0	0	0	1	NA	NA	NA	PF19315;COG2030;K18290;TIGR01750	Acyl dehydratase
NODE_11_length_135047_cov_50.409984_17	18631	19569	939	1	0.441	11	GGA/GAG/AGG	GENOMAD.160626.CP	2.873e-160	502	0	0	0	1	NA	NA	NA	PF05138;K02609;TIGR02156;COG3396	phenylacetate-CoA oxygenase, PaaG subunit
NODE_11_length_135047_cov_50.409984_18	19578	19892	315	1	0.400	11	None	GENOMAD.177370.CP	6.898e-33	123	0	0	0	1	NA	NA	NA	PF06243;COG3460;TIGR02157	1,2-phenylacetyl-CoA epoxidase, PaaB subunit
NODE_11_length_135047_cov_50.409984_19	19905	20660	756	1	0.409	11	GGA/GAG/AGG	GENOMAD.168243.CP	1.001e-80	269	0	0	0	1	NA	NA	NA	PF05138;K02611;TIGR02158;COG3396	phenylacetate-CoA oxygenase, PaaI subunit
NODE_11_length_135047_cov_50.409984_20	20677	21177	501	1	0.433	11	AGGAG	NA	NA	NA	0	0	0	1	NA	NA	NA	NA	NA
NODE_11_length_135047_cov_50.409984_21	21201	22262	1062	1	0.408	11	AGGA	GENOMAD.138179.CP	1.434e-53	195	0	0	0	1	NA	NA	NA	PF05138;PF00175;K02613;TIGR02158;COG3396	phenylacetate-CoA oxygenase, PaaI subunit
NODE_11_length_135047_cov_50.409984_22	22271	23044	774	1	0.448	11	GGAG/GAGG	NA	NA	NA	0	0	0	1	NA	NA	NA	NA	NA
NODE_11_length_135047_cov_50.409984_23	23044	23835	792	1	0.443	11	GGAG/GAGG	NA	NA	NA	0	0	0	1	NA	NA	NA	NA	NA
NODE_11_length_135047_cov_50.409984_24	23838	25376	1539	1	0.427	11	GGA/GAG/AGG	GENOMAD.213112.PC	1.026e-06	54	0	0	0	1	NA	NA	NA	PF18321	3-hydroxybutyryl-CoA dehydrogenase reduced Rossmann-fold domain
NODE_11_length_135047_cov_50.409984_25	25389	26597	1209	1	0.454	11	AGGAG	NA	NA	NA	0	0	0	1	NA	NA	NA	NA	NA
NODE_11_length_135047_cov_50.409984_26	26638	27927	1290	1	0.430	11	AGGAG	NA	NA	NA	0	0	0	1	NA	NA	NA	NA	NA
NODE_11_length_135047_cov_50.409984_27	27981	28946	966	1	0.405	11	None	GENOMAD.182147.CP	3.022e-31	128	0	0	0	1	NA	NA	NA	PF08223;PF07848;K02616;TIGR02277;COG3327	phenylacetic acid degradation operon negative regulatory protein PaaX
NODE_11_length_135047_cov_50.409984_28	28933	29538	606	1	0.417	11	GGAG/GAGG	NA	NA	NA	0	0	0	1	NA	NA	NA	NA	NA
NODE_11_length_135047_cov_50.409984_29	29616	29999	384	1	0.443	11	GGAG/GAGG	NA	NA	NA	0	0	0	1	NA	NA	NA	NA	NA
NODE_11_length_135047_cov_50.409984_30	30178	30675	498	1	0.291	11	AGxAGG/AGGxGG	NA	NA	NA	0	0	0	1	NA	NA	NA	NA	NA
NODE_11_length_135047_cov_50.409984_31	30650	31498	849	1	0.277	11	GGA/GAG/AGG	NA	NA	NA	0	0	0	1	NA	NA	NA	NA	NA
NODE_11_length_135047_cov_50.409984_32	31553	32749	1197	-1	0.242	11	AGxAGG/AGGxGG	NA	NA	NA	0	0	0	1	NA	NA	NA	NA	NA
NODE_11_length_135047_cov_50.409984_33	32804	33139	336	-1	0.372	11	GGAGG	NA	NA	NA	0	0	0	1	NA	NA	NA	NA	NA
NODE_11_length_135047_cov_50.409984_34	33481	33642	162	-1	0.315	11	GGA/GAG/AGG	NA	NA	NA	0	0	0	1	NA	NA	NA	NA	NA
NODE_11_length_135047_cov_50.409984_35	34212	34814	603	1	0.363	11	None	NA	NA	NA	0	0	0	1	NA	NA	NA	NA	NA
NODE_11_length_135047_cov_50.409984_36	35015	35641	627	1	0.319	11	AGGA	NA	NA	NA	0	0	0	1	NA	NA	NA	NA	NA
NODE_11_length_135047_cov_50.409984_37	35760	36824	1065	1	0.437	11	AGGA	NA	NA	NA	0	0	0	1	NA	NA	NA	NA	NA
NODE_11_length_135047_cov_50.409984_38	36837	37409	573	1	0.428	11	AGGAG	GENOMAD.151626.CP	1.309e-48	173	0	0	0	1	NA	NA	NA	PF01292;K12262;COG3038;TIGR02125	Cytochrome b561
NODE_11_length_135047_cov_50.409984_39	37549	37833	285	-1	0.439	11	GGA/GAG/AGG	GENOMAD.178368.CP	1.769e-11	61	0	0	0	1	NA	NA	NA	PF07045;COG5470	Uncharacterized conserved protein, DUF1330 family
NODE_11_length_135047_cov_50.409984_40	37896	38558	663	-1	0.391	11	4Base/6BMM	GENOMAD.126222.CP	1.542e-08	57	0	0	0	1	NA	NA	NA	PF07840;TIGR03338;K22293;COG1802	phosphonate utilization associated transcriptional regulator
NODE_11_length_135047_cov_50.409984_41	38711	39313	603	1	0.438	11	AGGA	GENOMAD.180862.PC	1.49e-103	332	0	0	0	1	NA	NA	NA	PF06684	Amino acid synthesis
NODE_11_length_135047_cov_50.409984_42	39282	40073	792	1	0.438	11	GGA/GAG/AGG	NA	NA	NA	0	0	0	1	NA	NA	NA	NA	NA
NODE_11_length_135047_cov_50.409984_43	40104	41036	933	1	0.404	11	AGGA	GENOMAD.140649.CP	2.49e-22	101	0	0	0	1	NA	NA	NA	PF01613;K23462;TIGR03615;COG1853	pyrimidine utilization flavin reductase protein F
NODE_11_length_135047_cov_50.409984_44	41039	42076	1038	1	0.429	11	GGAG/GAGG	GENOMAD.121819.CP	4.466e-145	460	0	0	0	1	NA	NA	NA	PF00296;K23464;TIGR04027;COG2141	putative FMN-dependent luciferase-like monooxygenase, KPN_01858 family
NODE_11_length_135047_cov_50.409984_45	42088	43557	1470	1	0.464	11	GGAG/GAGG	NA	NA	NA	0	0	0	1	NA	NA	NA	NA	NA
NODE_11_length_135047_cov_50.409984_46	43862	45268	1407	1	0.409	11	GGA/GAG/AGG	NA	NA	NA	0	0	0	1	NA	NA	NA	NA	NA
NODE_11_length_135047_cov_50.409984_47	45294	46463	1170	1	0.404	11	AGGA	GENOMAD.180882.CP	5.176e-49	183	0	0	0	1	NA	NA	NA	COG3746;K07221	Phosphate-selective porin
NODE_11_length_135047_cov_50.409984_48	46602	48059	1458	1	0.410	11	AGGA	NA	NA	NA	0	0	0	1	NA	NA	NA	NA	NA
NODE_11_length_135047_cov_50.409984_49	48056	48439	384	1	0.380	11	GGAGG	NA	NA	NA	0	0	0	1	NA	NA	NA	NA	NA
NODE_11_length_135047_cov_50.409984_50	48503	49408	906	-1	0.419	11	GGA/GAG/AGG	NA	NA	NA	0	0	0	1	NA	NA	NA	NA	NA
NODE_11_length_135047_cov_50.409984_51	49507	50103	597	1	0.412	11	GGAG/GAGG	GENOMAD.153566.CP	4.321e-05	46	0	0	0	1	NA	NA	NA	PF02525;K01118;COG1182;TIGR02690	Flavodoxin-like fold
NODE_11_length_135047_cov_50.409984_52	50160	50975	816	-1	0.429	11	AGGA	GENOMAD.123582.CP	8.327e-11	65	0	0	0	1	NA	NA	NA	PF01614;PF14277;K10973;COG1414;TIGR02431	DNA-binding transcriptional regulator, IclR family
NODE_11_length_135047_cov_50.409984_53	51117	52331	1215	1	0.416	11	AGGA	GENOMAD.178036.PC	4.448e-37	148	0	0	0	1	NA	NA	NA	NA	NA
NODE_11_length_135047_cov_50.409984_54	52507	53229	723	1	0.415	11	None	NA	NA	NA	0	0	0	1	NA	NA	NA	NA	NA
NODE_11_length_135047_cov_50.409984_55	53321	54358	1038	1	0.400	11	None	GENOMAD.134084.CP	1.366e-113	369	0	0	0	1	NA	NA	NA	PF13343;K02012;TIGR03261;COG4143	putative 2-aminoethylphosphonate ABC transporter, periplasmic 2-aminoethylphosphonate-binding protein
NODE_11_length_135047_cov_50.409984_56	54381	55583	1203	1	0.399	11	GGA/GAG/AGG	GENOMAD.126777.CP	1.108e-09	63	0	0	0	1	NA	NA	NA	PF17912;PF03459;COG3585;TIGR00638	MalK OB fold domain; TOBE domain
NODE_11_length_135047_cov_50.409984_57	55577	57286	1710	1	0.391	11	GGA/GAG/AGG	NA	NA	NA	0	0	0	1	NA	NA	NA	NA	NA
NODE_11_length_135047_cov_50.409984_58	57388	58542	1155	1	0.414	11	GGA/GAG/AGG	GENOMAD.147812.CP	1.875e-21	100	0	0	0	1	NA	NA	NA	PF01266;K21061;TIGR03364;COG0665	FAD dependent oxidoreductase TIGR03364
NODE_11_length_135047_cov_50.409984_59	58569	59756	1188	1	0.413	11	None	NA	NA	NA	0	0	0	1	NA	NA	NA	NA	NA
NODE_11_length_135047_cov_50.409984_60	59783	60598	816	1	0.423	11	GGA/GAG/AGG	NA	NA	NA	0	0	0	1	NA	NA	NA	NA	NA
NODE_11_length_135047_cov_50.409984_61	60813	62063	1251	-1	0.426	11	GGA/GAG/AGG	NA	NA	NA	0	0	0	1	NA	NA	NA	NA	NA
NODE_11_length_135047_cov_50.409984_62	62125	63276	1152	-1	0.440	11	AGGA	NA	NA	NA	0	0	0	1	NA	NA	NA	NA	NA
NODE_11_length_135047_cov_50.409984_63	63608	64825	1218	1	0.435	11	GGA/GAG/AGG	NA	NA	NA	0	0	0	1	NA	NA	NA	NA	NA
NODE_11_length_135047_cov_50.409984_64	65006	65857	852	1	0.398	11	GGA/GAG/AGG	GENOMAD.132682.CP	8.275e-50	181	0	0	0	1	NA	NA	NA	PF01614;PF08279;K20329;COG1414;TIGR02431	DNA-binding transcriptional regulator, IclR family
NODE_11_length_135047_cov_50.409984_65	65925	66734	810	-1	0.386	11	AGGA	NA	NA	NA	0	0	0	1	NA	NA	NA	NA	NA
NODE_11_length_135047_cov_50.409984_66	66956	67927	972	1	0.430	11	GGA/GAG/AGG	NA	NA	NA	0	0	0	1	NA	NA	NA	NA	NA
NODE_11_length_135047_cov_50.409984_67	67963	69132	1170	-1	0.382	11	GGA/GAG/AGG	NA	NA	NA	0	0	0	1	NA	NA	NA	NA	NA
NODE_11_length_135047_cov_50.409984_68	69199	70107	909	-1	0.384	11	None	GENOMAD.132682.CP	3.772e-48	177	0	0	0	1	NA	NA	NA	PF01614;PF08279;K20329;COG1414;TIGR02431	DNA-binding transcriptional regulator, IclR family
NODE_11_length_135047_cov_50.409984_69	70151	71356	1206	-1	0.437	11	AGGA	NA	NA	NA	0	0	0	1	NA	NA	NA	NA	NA
NODE_11_length_135047_cov_50.409984_70	71371	72894	1524	-1	0.408	11	AGGA	NA	NA	NA	0	0	0	1	NA	NA	NA	NA	NA
NODE_11_length_135047_cov_50.409984_71	72956	73717	762	-1	0.400	11	AGGA	NA	NA	NA	0	0	0	1	NA	NA	NA	NA	NA
NODE_11_length_135047_cov_50.409984_72	73747	74535	789	-1	0.432	11	AGGA	NA	NA	NA	0	0	0	1	NA	NA	NA	NA	NA
NODE_11_length_135047_cov_50.409984_73	74847	76001	1155	1	0.434	11	GGAG/GAGG	NA	NA	NA	0	0	0	1	NA	NA	NA	NA	NA
NODE_11_length_135047_cov_50.409984_74	76030	77343	1314	1	0.406	11	GGAG/GAGG	GENOMAD.158163.CP	0.000464	45	0	0	0	1	NA	NA	NF033135	COG2223;K18553	Nitrate/nitrite transporter NarK
NODE_11_length_135047_cov_50.409984_75	77391	78059	669	1	0.419	11	GGA/GAG/AGG	NA	NA	NA	0	0	0	1	NA	NA	NA	NA	NA
NODE_11_length_135047_cov_50.409984_76	78059	78712	654	1	0.422	11	AGGAG	NA	NA	NA	0	0	0	1	NA	NA	NA	NA	NA
NODE_11_length_135047_cov_50.409984_77	78749	80065	1317	1	0.398	11	AGGA	GENOMAD.183341.CP	8.818e-50	187	0	0	0	1	NA	NA	NA	PF19577;COG3203	DcaP outer membrane protein
NODE_11_length_135047_cov_50.409984_78	80084	81301	1218	1	0.401	11	None	NA	NA	NA	0	0	0	1	NA	NA	NA	NA	NA
NODE_11_length_135047_cov_50.409984_79	81322	81756	435	-1	0.434	11	AGGA	GENOMAD.190063.CP	0.0001509	43	0	0	0	1	NA	NA	NA	PF14539;K02614;TIGR00369;COG2050	phenylacetic acid degradation protein PaaD
NODE_11_length_135047_cov_50.409984_80	82076	83878	1803	1	0.418	11	AGGA	NA	NA	NA	0	0	0	1	NA	NA	NA	NA	NA
NODE_11_length_135047_cov_50.409984_81	84075	84878	804	1	0.429	11	AGGA	GENOMAD.183741.CP	1.457e-31	127	0	0	0	1	NA	NA	NA	PF13622;COG1946;TIGR00189	Acyl-CoA thioesterase
NODE_11_length_135047_cov_50.409984_82	84940	88422	3483	-1	0.430	11	AGGAG	GENOMAD.137972.CP	1.341e-167	562	0	0	0	1	NA	NA	NA	PF01855;PF17147;K04090;TIGR03336;COG4231	indolepyruvate ferredoxin oxidoreductase, alpha subunit
NODE_11_length_135047_cov_50.409984_83	88627	89568	942	1	0.425	11	4Base/6BMM	NA	NA	NA	0	0	0	1	NA	NA	NA	NA	NA
NODE_11_length_135047_cov_50.409984_84	89820	90722	903	-1	0.440	11	AGGAG	NA	NA	NA	0	0	0	1	NA	NA	NA	NA	NA
NODE_11_length_135047_cov_50.409984_85	90719	92710	1992	-1	0.436	11	AGGA	NA	NA	NA	0	0	0	1	NA	NA	NA	NA	NA
NODE_11_length_135047_cov_50.409984_86	92722	93525	804	-1	0.444	11	GGAG/GAGG	NA	NA	NA	0	0	0	1	NA	NA	NA	NA	NA
NODE_11_length_135047_cov_50.409984_87	93535	95136	1602	-1	0.452	11	AGGA	GENOMAD.114541.CP	3.849e-58	215	0	0	0	1	NA	NA	NA	PF01039;K01604;TIGR01117;COG4799	methylmalonyl-CoA decarboxylase alpha subunit
NODE_11_length_135047_cov_50.409984_88	95161	96333	1173	-1	0.438	11	AGGA	NA	NA	NA	0	0	0	1	NA	NA	NA	NA	NA
NODE_11_length_135047_cov_50.409984_89	96478	97095	618	1	0.395	11	GGA/GAG/AGG	NA	NA	NA	0	0	0	1	NA	NA	NA	NA	NA
NODE_11_length_135047_cov_50.409984_90	97207	98901	1695	1	0.403	11	AGGAG	NA	NA	NA	0	0	0	1	NA	NA	NA	NA	NA
NODE_11_length_135047_cov_50.409984_91	98972	99643	672	1	0.393	11	GGAG/GAGG	NA	NA	NA	0	0	0	1	NA	NA	NA	NA	NA
NODE_11_length_135047_cov_50.409984_92	99764	101170	1407	1	0.392	11	GGA/GAG/AGG	GENOMAD.181569.CP	1.826e-111	369	0	0	0	1	NA	NA	NA	PF19577;COG3203;K16076	DcaP outer membrane protein
NODE_11_length_135047_cov_50.409984_93	101216	102454	1239	-1	0.383	11	GGA/GAG/AGG	NA	NA	NA	0	0	0	1	NA	NA	NA	NA	NA
NODE_11_length_135047_cov_50.409984_94	102566	103471	906	1	0.392	11	None	GENOMAD.146193.CP	2.873e-05	48	0	0	0	1	NA	NA	NA	PF00126;COG0583;TIGR03298;K21757	DNA-binding transcriptional regulator, LysR family
NODE_11_length_135047_cov_50.409984_95	103473	103763	291	-1	0.354	11	GGA/GAG/AGG	NA	NA	NA	0	0	0	1	NA	NA	NA	NA	NA
NODE_11_length_135047_cov_50.409984_96	103892	104038	147	-1	0.259	11	AGGAG	NA	NA	NA	0	0	0	1	NA	NA	NA	NA	NA
NODE_11_length_135047_cov_50.409984_97	104733	104876	144	1	0.396	11	GGA/GAG/AGG	NA	NA	NA	0	0	0	1	NA	NA	NA	NA	NA
NODE_11_length_135047_cov_50.409984_98	105146	105574	429	1	0.303	11	GGA/GAG/AGG	GENOMAD.214719.PV	1.302e-43	156	0	0	0	1	NA	NA	NA	NA	NA
NODE_11_length_135047_cov_50.409984_99	105662	105883	222	1	0.306	11	GGA/GAG/AGG	NA	NA	NA	0	0	0	1	NA	NA	NA	NA	NA
NODE_11_length_135047_cov_50.409984_100	105968	106285	318	-1	0.415	11	GGAG/GAGG	GENOMAD.215480.PC	7.527e-09	54	0	0	0	1	NA	NA	NA	NA	NA
NODE_11_length_135047_cov_50.409984_101	106391	106612	222	-1	0.383	11	GGAG/GAGG	NA	NA	NA	0	0	0	1	NA	NA	NA	NA	NA
NODE_11_length_135047_cov_50.409984_102	106897	107376	480	-1	0.321	11	GGAG/GAGG	NA	NA	NA	0	0	0	1	NA	NA	NA	NA	NA
NODE_11_length_135047_cov_50.409984_103	107692	109101	1410	1	0.355	11	GGAG/GAGG	GENOMAD.208873.PC	4.921e-178	562	0	0	0	1	NA	NA	NA	PF14518;COG5424;TIGR02111	Iron-containing redox enzyme
NODE_11_length_135047_cov_50.409984_104	109162	111300	2139	1	0.409	11	GGA/GAG/AGG	NA	NA	NA	0	0	0	1	NA	NA	NA	NA	NA
NODE_11_length_135047_cov_50.409984_105	111357	112235	879	-1	0.374	11	GGAG/GAGG	NA	NA	NA	0	0	0	1	NA	NA	NA	NA	NA
NODE_11_length_135047_cov_50.409984_106	112377	112790	414	-1	0.263	11	GGA/GAG/AGG	NA	NA	NA	0	0	0	1	NA	NA	NA	NA	NA
NODE_11_length_135047_cov_50.409984_107	113275	114447	1173	1	0.558	11	AGGA	NA	NA	NA	0	0	0	1	NA	NA	NA	NA	NA
NODE_11_length_135047_cov_50.409984_108	114508	114744	237	-1	0.354	11	GGAG/GAGG	NA	NA	NA	0	0	0	1	NA	NA	NA	NA	NA
NODE_11_length_135047_cov_50.409984_109	115027	115638	612	1	0.404	11	GGAG/GAGG	NA	NA	NA	0	0	0	1	NA	NA	NA	NA	NA
NODE_11_length_135047_cov_50.409984_110	115709	116320	612	-1	0.428	11	GGA/GAG/AGG	NA	NA	NA	0	0	0	1	NA	NA	NA	NA	NA
NODE_11_length_135047_cov_50.409984_111	116477	116932	456	1	0.414	11	None	GENOMAD.140723.CP	1.549e-62	211	0	0	0	1	NA	NA	NA	PF17805;PF02295;K05800;COG1522;TIGR02702	DNA-binding transcriptional regulator, Lrp family
NODE_11_length_135047_cov_50.409984_112	116991	118607	1617	-1	0.430	11	GGAG/GAGG	GENOMAD.170409.PC	5.872e-238	739	0	0	0	1	NA	NA	NA	COG1953;K10974	Cytosine/uracil/thiamine/allantoin permease
NODE_11_length_135047_cov_50.409984_113	118812	122267	3456	1	0.407	11	GGA/GAG/AGG	GENOMAD.170409.PC	1.306e-186	618	0	0	0	1	NA	NA	NA	COG1953;K10974	Cytosine/uracil/thiamine/allantoin permease
NODE_11_length_135047_cov_50.409984_114	122264	123223	960	1	0.398	11	AGGA	NA	NA	NA	0	0	0	1	NA	NA	NA	NA	NA
NODE_11_length_135047_cov_50.409984_115	123367	123651	285	1	0.386	11	GGAG/GAGG	GENOMAD.177699.CP	4.394e-10	57	0	0	0	1	NA	NA	NA	PF14542;COG2388;TIGR01575	GCN5-related N-acetyl-transferase
NODE_11_length_135047_cov_50.409984_116	123939	124598	660	1	0.395	11	GGA/GAG/AGG	NA	NA	NA	0	0	0	1	NA	NA	NA	NA	NA
NODE_11_length_135047_cov_50.409984_117	124588	125253	666	1	0.411	11	GGA/GAG/AGG	NA	NA	NA	0	0	0	1	NA	NA	NA	NA	NA
NODE_11_length_135047_cov_50.409984_118	125256	125987	732	1	0.418	11	GGAG/GAGG	NA	NA	NA	0	0	0	1	NA	NA	NA	NA	NA
NODE_11_length_135047_cov_50.409984_119	126018	126878	861	1	0.393	11	GGAG/GAGG	NA	NA	NA	0	0	0	1	NA	NA	NA	NA	NA
NODE_11_length_135047_cov_50.409984_120	126961	127827	867	1	0.382	11	GGAG/GAGG	NA	NA	NA	0	0	0	1	NA	NA	NA	NA	NA
NODE_11_length_135047_cov_50.409984_121	128075	129010	936	-1	0.426	11	None	NA	NA	NA	0	0	0	1	NA	NA	NA	NA	NA
NODE_11_length_135047_cov_50.409984_122	129102	129740	639	1	0.408	11	AGGA/GGAG/GAGG	GENOMAD.154338.CP	1.187e-05	48	0	0	0	1	NA	NA	NA	PF01810;COG1280;K06895;TIGR00949	Threonine/homoserine/homoserine lactone efflux protein
NODE_11_length_135047_cov_50.409984_123	130207	132168	1962	-1	0.451	11	AGGAG/GGAGG	NA	NA	NA	0	0	0	1	NA	NA	NA	NA	NA
NODE_11_length_135047_cov_50.409984_124	132143	133075	933	-1	0.439	11	AGGA	NA	NA	NA	0	0	0	1	NA	NA	NA	NA	NA
NODE_11_length_135047_cov_50.409984_125	133316	134239	924	-1	0.438	11	AGGA	NA	NA	NA	0	0	0	1	NA	NA	NA	NA	NA
NODE_11_length_135047_cov_50.409984_126	134276	134785	510	-1	0.406	11	AGGA	GENOMAD.137823.CP	4.152e-25	104	0	0	0	1	NA	NA	NA	PF00581;TIGR03865;K02439;COG2897	PQQ-dependent catabolism-associated CXXCW motif protein
NODE_11_length_135047_cov_50.409984_127	134962	135045	84	1	0.429	11	None	NA	NA	NA	0	0	0	1	NA	NA	NA	NA	NA
NODE_26_length_57622_cov_51.212801_1	273	1340	1068	1	0.395	11	AGGA	NA	NA	NA	0	0	0	1	NA	NA	NA	NA	NA
NODE_26_length_57622_cov_51.212801_2	1555	5118	3564	1	0.418	11	AGGA	GENOMAD.065723.VV	5.959e-36	152	0	0	0	1246	Caudoviricetes	NA	NA	PF07733;PF02811;K02337;TIGR00594;COG0587	DNA-directed DNA polymerase III (polc)
NODE_26_length_57622_cov_51.212801_3	5133	5972	840	1	0.427	11	GGA/GAG/AGG	NA	NA	NA	0	0	0	1	NA	NA	NA	NA	NA
NODE_26_length_57622_cov_51.212801_4	5965	6780	816	1	0.424	11	AGGAG	NA	NA	NA	0	0	0	1	NA	NA	NA	NA	NA
NODE_26_length_57622_cov_51.212801_5	6884	7825	942	1	0.379	11	GGA/GAG/AGG	GENOMAD.221833.CP	9.122e-174	541	0	0	0	1	NA	NA	NA	PF09477;PF02402;COG3017;TIGR02795	Bacterial type II secretion system chaperone protein (type_III_yscG); Lysis protein
NODE_26_length_57622_cov_51.212801_6	7942	9948	2007	1	0.379	11	None	GENOMAD.213175.PC	7.152e-111	376	0	0	0	1	NA	NA	NA	PF04301;COG1075;TIGR01738;K07000	Triacylglycerol esterase/lipase EstA, alpha/beta hydrolase fold
NODE_26_length_57622_cov_51.212801_7	10002	11567	1566	-1	0.437	11	GGAG/GAGG	NA	NA	NA	0	0	0	1	NA	NA	NA	NA	NA
NODE_26_length_57622_cov_51.212801_8	11745	12266	522	-1	0.406	11	GGAG/GAGG	NA	NA	NA	0	0	0	1	NA	NA	NA	NA	NA
NODE_26_length_57622_cov_51.212801_9	12266	12826	561	-1	0.408	11	None	NA	NA	NA	0	0	0	1	NA	NA	NA	NA	NA
NODE_26_length_57622_cov_51.212801_10	12928	13830	903	1	0.401	11	GGA/GAG/AGG	NA	NA	NA	0	0	0	1	NA	NA	NA	NA	NA
NODE_26_length_57622_cov_51.212801_11	13921	14955	1035	-1	0.373	11	GGA/GAG/AGG	NA	NA	NA	0	0	0	1	NA	NA	NA	NA	NA
NODE_26_length_57622_cov_51.212801_12	15060	15389	330	-1	0.348	11	None	GENOMAD.159379.CP	0.0006091	40	0	0	0	1	NA	NA	NA	PF09824;K22043;COG4189;TIGR02702	Predicted transcriptional regulator
NODE_26_length_57622_cov_51.212801_13	15474	15902	429	1	0.375	11	None	GENOMAD.171279.PC	5.081e-10	59	0	0	0	1	NA	NA	NA	PF03960;TIGR00014;K00537;COG1393	arsenate reductase (glutaredoxin)
NODE_26_length_57622_cov_51.212801_14	15971	16132	162	-1	0.364	11	GGA/GAG/AGG	GENOMAD.147527.PC	5.186e-20	83	0	0	0	1	NA	NA	NA	PF07235;COG4317;TIGR03510	Xanthosine utilization system component, XapX domain
NODE_26_length_57622_cov_51.212801_15	16190	18064	1875	-1	0.448	11	GGAG/GAGG	NA	NA	NA	0	0	0	1	NA	NA	NA	NA	NA
NODE_26_length_57622_cov_51.212801_16	18175	18861	687	-1	0.418	11	GGAG/GAGG	NA	NA	NA	0	0	0	1	NA	NA	NA	NA	NA
NODE_26_length_57622_cov_51.212801_17	19057	19947	891	1	0.332	11	None	GENOMAD.190451.PC	1.95e-08	58	0	0	0	1	NA	NA	NA	K21698;TIGR02424;COG0583	pca operon transcription factor PcaQ
NODE_26_length_57622_cov_51.212801_18	19987	20724	738	-1	0.369	11	GGAG/GAGG	GENOMAD.140878.CP	0.0006936	43	0	0	0	1	NA	NA	NA	PF07840;TIGR02812;K22293;COG2186	fatty acid metabolism transcriptional regulator FadR
NODE_26_length_57622_cov_51.212801_19	21135	22604	1470	1	0.405	11	GGA/GAG/AGG	NA	NA	NA	0	0	0	1	NA	NA	NA	NA	NA
NODE_26_length_57622_cov_51.212801_20	22601	23335	735	1	0.424	11	GGA/GAG/AGG	GENOMAD.166716.PC	2.671e-18	87	0	0	0	1	NA	NA	NA	PF01177;K16841;COG4126;TIGR02990	Asp/Glu/hydantoin racemase
NODE_26_length_57622_cov_51.212801_21	23403	24284	882	-1	0.422	11	None	GENOMAD.179226.PC	5.589e-05	47	0	0	0	1	NA	NA	NA	PF06821;K07002;COG3545;TIGR02240	Serine hydrolase
NODE_26_length_57622_cov_51.212801_22	24293	25162	870	-1	0.423	11	AGGAGG	GENOMAD.132791.CP	2.39e-11	67	0	1	0	1	NA	T_virB9	NA	PF03524;K15552;TIGR02781;COG3504	P-type conjugative transfer protein VirB9
NODE_26_length_57622_cov_51.212801_23	25159	25953	795	-1	0.403	11	AGGAG	NA	NA	NA	0	0	0	1	NA	NA	NA	NA	NA
NODE_26_length_57622_cov_51.212801_24	25963	26985	1023	-1	0.400	11	None	GENOMAD.154871.CP	5.658e-14	76	0	0	0	1	NA	NA	NA	PF13379;K15551;TIGR01729;COG4521	taurine ABC transporter, periplasmic binding protein
NODE_26_length_57622_cov_51.212801_25	27445	27870	426	1	0.406	11	AGGAG	GENOMAD.180882.CP	4.875e-20	88	0	0	0	1	NA	NA	NA	COG3746;K07221	Phosphate-selective porin
NODE_26_length_57622_cov_51.212801_26	27892	28629	738	1	0.408	11	None	GENOMAD.180882.CP	6.128e-46	168	0	0	0	1	NA	NA	NA	COG3746;K07221	Phosphate-selective porin
NODE_26_length_57622_cov_51.212801_27	28691	30157	1467	-1	0.419	11	AGGA	NA	NA	NA	0	0	0	1	NA	NA	NA	NA	NA
NODE_26_length_57622_cov_51.212801_28	30353	31744	1392	-1	0.412	11	None	GENOMAD.132887.CP	6.074e-05	48	0	0	0	1	NA	NA	NA	PF00296;TIGR04027;COG2141;K23464	putative FMN-dependent luciferase-like monooxygenase, KPN_01858 family
NODE_26_length_57622_cov_51.212801_29	31922	33217	1296	-1	0.424	11	None	GENOMAD.166670.PC	8.186e-42	163	0	0	0	1	NA	NA	NA	TIGR04022;K22219;COG1960	sulfur acquisition oxidoreductase, SfnB family
NODE_26_length_57622_cov_51.212801_30	33336	34154	819	-1	0.326	11	GGA/GAG/AGG	NA	NA	NA	0	0	0	1	NA	NA	NA	NA	NA
NODE_26_length_57622_cov_51.212801_31	34523	34789	267	1	0.318	11	GGA/GAG/AGG	NA	NA	NA	0	0	0	1	NA	NA	NA	NA	NA
NODE_26_length_57622_cov_51.212801_32	34808	36253	1446	1	0.435	11	AGxAGG/AGGxGG	NA	NA	NA	0	0	0	1	NA	NA	NA	NA	NA
NODE_26_length_57622_cov_51.212801_33	36246	37250	1005	1	0.415	11	GGAG/GAGG	NA	NA	NA	0	0	0	1	NA	NA	NA	NA	NA
NODE_26_length_57622_cov_51.212801_34	37265	37399	135	1	0.363	11	None	NA	NA	NA	0	0	0	1	NA	NA	NA	NA	NA
NODE_26_length_57622_cov_51.212801_35	37498	38916	1419	1	0.389	11	None	GENOMAD.205743.CP	0.0002565	46	0	0	0	1	NA	NA	NA	PF00392;COG2188;K03486;TIGR02404	DNA-binding transcriptional regulator, GntR family
NODE_26_length_57622_cov_51.212801_36	39014	39931	918	1	0.362	11	GGA/GAG/AGG	NA	NA	NA	0	0	0	1	NA	NA	NA	NA	NA
NODE_26_length_57622_cov_51.212801_37	39981	40745	765	-1	0.438	11	GGAGG	GENOMAD.215410.PC	1.797e-119	381	0	0	0	1	NA	NA	NA	PF03818;TIGR00808;COG2855	Malonate/sodium symporter MadM subunit
NODE_26_length_57622_cov_51.212801_38	40738	41157	420	-1	0.433	11	GGAG/GAGG	NA	NA	NA	0	0	0	1	NA	NA	NA	NA	NA
NODE_26_length_57622_cov_51.212801_39	41206	42144	939	-1	0.439	11	GGA/GAG/AGG	NA	NA	NA	0	0	0	1	NA	NA	NA	NA	NA
NODE_26_length_57622_cov_51.212801_40	42157	42759	603	-1	0.443	11	GGA/GAG/AGG	NA	NA	NA	0	0	0	1	NA	NA	NA	NA	NA
NODE_26_length_57622_cov_51.212801_41	42756	43583	828	-1	0.443	11	AGGAG	GENOMAD.129449.CP	1.533e-68	235	0	0	0	1	NA	NA	NA	PF01039;K13932;TIGR01117;COG4799	methylmalonyl-CoA decarboxylase alpha subunit
NODE_26_length_57622_cov_51.212801_42	43580	44431	852	-1	0.423	11	GGAGG	GENOMAD.129449.CP	8.676e-89	294	0	0	0	1	NA	NA	NA	PF01039;K13932;TIGR01117;COG4799	methylmalonyl-CoA decarboxylase alpha subunit
NODE_26_length_57622_cov_51.212801_43	44424	44723	300	-1	0.447	11	GGA/GAG/AGG	GENOMAD.209355.CP	3.2e-15	72	0	0	0	1	NA	NA	NA	PF06857;K13931;TIGR03130;COG3052	malonate decarboxylase acyl carrier protein
NODE_26_length_57622_cov_51.212801_44	44726	45610	885	-1	0.450	11	AGGAG	GENOMAD.181951.CP	3.72e-25	109	0	0	0	1	NA	NA	NA	PF01874;COG1767;TIGR03132;K05966	Triphosphoribosyl-dephospho-CoA synthetase
NODE_26_length_57622_cov_51.212801_45	45610	47289	1680	-1	0.443	11	GGA/GAG/AGG	GENOMAD.209570.CP	5.673e-294	902	0	0	0	1	NA	NA	NA	PF16957;K13929;TIGR01110;COG4670	Malonate decarboxylase, alpha subunit, transporter
NODE_26_length_57622_cov_51.212801_46	47694	48881	1188	1	0.418	11	GGA/GAG/AGG	GENOMAD.161976.CP	2.017e-71	249	0	0	0	1	NA	NA	NA	PF05977;COG2223;TIGR04259;K08224	Nitrate/nitrite transporter NarK
NODE_26_length_57622_cov_51.212801_47	48889	49482	594	-1	0.428	11	AGGAG	NA	NA	NA	0	0	0	1	NA	NA	NA	NA	NA
NODE_26_length_57622_cov_51.212801_48	49525	50160	636	-1	0.414	11	GGAG/GAGG	GENOMAD.166208.CP	2.543e-17	83	0	0	0	1	NA	NA	NA	PF04299;K07734;COG2808	Putative FMN-binding domain
NODE_26_length_57622_cov_51.212801_49	50276	51766	1491	1	0.425	11	AGxAG	NA	NA	NA	0	0	0	1	NA	NA	NA	NA	NA
NODE_26_length_57622_cov_51.212801_50	51774	52463	690	-1	0.417	11	GGA/GAG/AGG	GENOMAD.154359.CP	4.081e-17	83	0	0	0	1	NA	NA	NA	PF04172;COG1346;TIGR00659;K05339	Putative effector of murein hydrolase
NODE_26_length_57622_cov_51.212801_51	52477	52908	432	-1	0.391	11	None	GENOMAD.166524.CP	4.235e-13	68	0	0	0	1	NA	NA	NA	PF03788;COG1380;K06518	Putative effector of murein hydrolase LrgA, UPF0299 family
NODE_26_length_57622_cov_51.212801_52	53019	53924	906	1	0.391	11	None	NA	NA	NA	0	0	0	1	NA	NA	NA	NA	NA
NODE_26_length_57622_cov_51.212801_53	54044	54670	627	1	0.391	11	GGA/GAG/AGG	GENOMAD.147216.CP	1.214e-07	54	0	0	0	1	NA	NA	NA	PF14834;PF13417;TIGR01262;COG5494;K21888	maleylacetoacetate isomerase
NODE_26_length_57622_cov_51.212801_54	54704	55564	861	1	0.411	11	GGA/GAG/AGG	NA	NA	NA	0	0	0	1	NA	NA	NA	NA	NA
NODE_26_length_57622_cov_51.212801_55	55602	56522	921	-1	0.421	11	GGA/GAG/AGG	NA	NA	NA	0	0	0	1	NA	NA	NA	NA	NA
NODE_26_length_57622_cov_51.212801_56	56648	57385	738	1	0.446	11	GGA/GAG/AGG	NA	NA	NA	0	0	0	1	NA	NA	NA	NA	NA
NODE_32_length_42602_cov_45.225936_1	3	713	711	1	0.394	11	None	NA	NA	NA	0	0	0	1	NA	NA	NA	NA	NA
NODE_32_length_42602_cov_45.225936_2	771	3329	2559	1	0.404	11	None	NA	NA	NA	0	0	0	1	NA	NA	NA	NA	NA
NODE_32_length_42602_cov_45.225936_3	3326	4342	1017	1	0.379	11	None	GENOMAD.059332.PP	5.293e-49	181	0	0	0	1	NA	NA	NA	PF22003	MrkD-like receptor binding domain
NODE_32_length_42602_cov_45.225936_4	4456	5406	951	1	0.330	11	TAA	NA	NA	NA	0	0	0	1	NA	NA	NA	NA	NA
NODE_32_length_42602_cov_45.225936_5	5462	6571	1110	-1	0.425	11	TAA	NA	NA	NA	0	0	0	1	NA	NA	NA	NA	NA
NODE_32_length_42602_cov_45.225936_6	6674	6841	168	1	0.357	11	TAA	NA	NA	NA	0	0	0	1	NA	NA	NA	NA	NA
NODE_32_length_42602_cov_45.225936_7	6801	8672	1872	-1	0.387	11	TAA	GENOMAD.221603.VP	1.891e-123	411	0	0	0	1246	Caudoviricetes	NA	NA	PF17182	NA
NODE_32_length_42602_cov_45.225936_8	8855	10018	1164	1	0.366	11	None	GENOMAD.181096.PC	1.078e-217	672	0	0	0	1	NA	NA	NA	PF00199;COG0753;K03781	Catalase
NODE_32_length_42602_cov_45.225936_9	10096	10461	366	-1	0.273	11	TAA	GENOMAD.217993.PV	7.461e-40	144	0	0	0	1	NA	NA	NA	NA	NA
NODE_32_length_42602_cov_45.225936_10	11274	11741	468	-1	0.316	11	None	GENOMAD.214719.PV	5.697e-67	224	0	0	0	1	NA	NA	NA	NA	NA
NODE_32_length_42602_cov_45.225936_11	12174	13733	1560	1	0.376	11	TAAA	NA	NA	NA	0	0	0	1	NA	NA	NA	NA	NA
NODE_32_length_42602_cov_45.225936_12	13742	14329	588	-1	0.361	11	TAA	GENOMAD.177749.CV	9.039e-13	69	0	0	0	1	NA	NA	NA	TIGR04274;COG3663;K03649	hypoxanthine-DNA glycosylase
NODE_32_length_42602_cov_45.225936_13	14497	14835	339	-1	0.292	11	TAAA	NA	NA	NA	0	0	0	1	NA	NA	NA	NA	NA
NODE_32_length_42602_cov_45.225936_14	15744	16820	1077	-1	0.392	11	None	GENOMAD.172068.CP	9.597e-06	50	0	0	0	1	NA	NA	NA	PF01244;K01273;COG2355	Zn-dependent dipeptidase, microsomal dipeptidase homolog
NODE_32_length_42602_cov_45.225936_15	16813	17967	1155	-1	0.423	11	None	NA	NA	NA	0	0	0	1	NA	NA	NA	NA	NA
NODE_32_length_42602_cov_45.225936_16	17964	18248	285	-1	0.379	11	None	GENOMAD.190990.PC	3.888e-34	126	0	0	0	1	NA	NA	NA	PF05402;K06138;TIGR03859	coenzyme PQQ biosynthesis protein PqqD
NODE_32_length_42602_cov_45.225936_17	18245	19003	759	-1	0.422	11	TAA	GENOMAD.169830.CP	1.025e-52	188	0	0	0	1	NA	NA	NA	PF03070;PF05402;K06137;TIGR02111;COG5424	coenzyme PQQ biosynthesis protein C
NODE_32_length_42602_cov_45.225936_18	19012	19923	912	-1	0.380	11	TAA	GENOMAD.180288.CP	4.241e-69	238	0	0	0	1	NA	NA	NA	PF12706;K06136;TIGR02108;COG1234	coenzyme PQQ biosynthesis protein B
NODE_32_length_42602_cov_45.225936_19	20297	22372	2076	-1	0.384	11	TAA	NA	NA	NA	0	0	0	1	NA	NA	NA	NA	NA
NODE_32_length_42602_cov_45.225936_20	22678	24459	1782	1	0.402	11	TAA	NA	NA	NA	0	0	0	1	NA	NA	NA	NA	NA
NODE_32_length_42602_cov_45.225936_21	24527	24928	402	-1	0.318	11	TAA	NA	NA	NA	0	0	0	1	NA	NA	NA	NA	NA
NODE_32_length_42602_cov_45.225936_22	25087	25188	102	-1	0.373	11	TATAA	NA	NA	NA	0	0	0	1	NA	NA	NA	NA	NA
NODE_32_length_42602_cov_45.225936_23	25456	26097	642	-1	0.399	11	AAAA	NA	NA	NA	0	0	0	1	NA	NA	NA	NA	NA
NODE_32_length_42602_cov_45.225936_24	26170	26940	771	-1	0.433	11	TAAA	NA	NA	NA	0	0	0	1	NA	NA	NA	NA	NA
NODE_32_length_42602_cov_45.225936_25	27300	27920	621	-1	0.372	11	TAA	NA	NA	NA	0	0	0	1	NA	NA	NA	NA	NA
NODE_32_length_42602_cov_45.225936_26	27925	28617	693	-1	0.421	11	None	NA	NA	NA	0	0	0	1	NA	NA	NA	NA	NA
NODE_32_length_42602_cov_45.225936_27	28614	29399	786	-1	0.368	11	AAAAA	GENOMAD.132251.CP	1.338e-29	121	0	0	0	1	NA	NA	NA	NA	NA
NODE_32_length_42602_cov_45.225936_28	29590	29940	351	-1	0.399	11	TAA	NA	NA	NA	0	0	0	1	NA	NA	NA	NA	NA
NODE_32_length_42602_cov_45.225936_29	30163	31578	1416	1	0.410	11	None	NA	NA	NA	0	0	0	1	NA	NA	NA	NA	NA
NODE_32_length_42602_cov_45.225936_30	31581	32072	492	1	0.413	11	None	GENOMAD.176765.PC	1.466e-85	278	0	0	0	1	NA	NA	NA	PF00866;K05600;TIGR03231;COG5517	anthranilate 1,2-dioxygenase, small subunit
NODE_32_length_42602_cov_45.225936_31	32084	33112	1029	1	0.424	11	TAA	NA	NA	NA	0	0	0	1	NA	NA	NA	NA	NA
NODE_32_length_42602_cov_45.225936_32	33550	34608	1059	1	0.387	11	None	GENOMAD.152470.PC	6.165e-26	113	0	0	0	1	NA	NA	NA	PF14525;K14063;TIGR02297	AraC-binding-like domain
NODE_32_length_42602_cov_45.225936_33	34668	35615	948	-1	0.393	11	AATAA	GENOMAD.189522.PC	1.137e-49	182	0	0	0	1	NA	NA	NA	PF13557;COG4313	Putative MetA-pathway of phenol degradation
NODE_32_length_42602_cov_45.225936_34	35669	36199	531	-1	0.418	11	None	GENOMAD.140649.CP	1.907e-28	114	0	0	0	1	NA	NA	NA	PF01613;K23462;TIGR03615;COG1853	pyrimidine utilization flavin reductase protein F
NODE_32_length_42602_cov_45.225936_35	36228	37478	1251	-1	0.443	11	AAA	GENOMAD.205639.PC	4.111e-71	249	0	0	0	1	NA	NA	NA	PF17885;PF01266;K14481;COG0644;TIGR01988	Styrene monooxygenase A putative substrate binding domain; FAD dependent oxidoreductase
NODE_32_length_42602_cov_45.225936_36	37510	38295	786	-1	0.455	11	TAA	NA	NA	NA	0	0	0	1	NA	NA	NA	NA	NA
NODE_32_length_42602_cov_45.225936_37	38308	39576	1269	-1	0.429	11	TAAA	GENOMAD.130696.CP	4.004e-17	87	0	0	0	1	NA	NA	NA	PF01738;K01061;COG0412;TIGR03101	Dienelactone hydrolase family
NODE_32_length_42602_cov_45.225936_38	39888	40763	876	1	0.384	11	TAA	NA	NA	NA	0	0	0	1	NA	NA	NA	NA	NA
NODE_32_length_42602_cov_45.225936_39	40809	41231	423	1	0.381	11	TAA	NA	NA	NA	0	0	0	1	NA	NA	NA	NA	NA
NODE_32_length_42602_cov_45.225936_40	41300	42286	987	-1	0.362	11	AAAA	NA	NA	NA	0	0	0	1	NA	NA	NA	NA	NA
NODE_33_length_38889_cov_64.667432_1	1	108	108	1	0.361	11	None	NA	NA	NA	0	0	0	1	NA	NA	NA	NA	NA
NODE_33_length_38889_cov_64.667432_2	112	1578	1467	1	0.408	11	None	NA	NA	NA	0	0	0	1	NA	NA	NA	NA	NA
NODE_33_length_38889_cov_64.667432_3	1591	2442	852	1	0.380	11	GGAG/GAGG	NA	NA	NA	0	0	0	1	NA	NA	NA	NA	NA
NODE_33_length_38889_cov_64.667432_4	2510	2809	300	1	0.307	11	AGGA	NA	NA	NA	0	0	0	1	NA	NA	NA	NA	NA
NODE_33_length_38889_cov_64.667432_5	2882	3253	372	1	0.331	11	GGA/GAG/AGG	NA	NA	NA	0	0	0	1	NA	NA	NA	NA	NA
NODE_33_length_38889_cov_64.667432_6	3628	4266	639	-1	0.358	11	GGA/GAG/AGG	GENOMAD.136538.PC	2.86e-14	74	0	1	0	1	NA	NA	NA	PF05621;COG2842;TIGR02928;K02450	Bacterial TniB protein
NODE_33_length_38889_cov_64.667432_7	4271	6181	1911	-1	0.387	11	GGAG/GAGG	NA	NA	NA	0	0	0	1	NA	NA	NA	NA	NA
NODE_33_length_38889_cov_64.667432_8	6182	6940	759	-1	0.360	11	GGA/GAG/AGG	GENOMAD.196478.PC	7.194e-36	139	0	0	0	1	NA	NA	NA	PF08722;PF08721	TnsA-like endonuclease N terminal; TnsA endonuclease C terminal
NODE_33_length_38889_cov_64.667432_9	7017	7700	684	1	0.421	11	None	NA	NA	NA	0	0	0	1	NA	NA	NA	NA	NA
NODE_33_length_38889_cov_64.667432_10	7715	8251	537	-1	0.385	11	None	NA	NA	NA	0	0	0	1	NA	NA	NA	NA	NA
NODE_33_length_38889_cov_64.667432_11	8292	9149	858	-1	0.420	11	None	NA	NA	NA	0	0	0	1	NA	NA	NA	NA	NA
NODE_33_length_38889_cov_64.667432_12	9261	10037	777	1	0.436	11	GGAG/GAGG	NA	NA	NA	0	0	0	1	NA	NA	NA	NA	NA
NODE_33_length_38889_cov_64.667432_13	10053	10931	879	1	0.405	11	GGA/GAG/AGG	GENOMAD.170539.CP	7.194e-07	53	0	0	0	1	NA	NA	NA	PF00701;K21062;COG0329;TIGR03249	Dihydrodipicolinate synthase/N-acetylneuraminate lyase
NODE_33_length_38889_cov_64.667432_14	10974	11786	813	-1	0.405	11	GGAG/GAGG	NA	NA	NA	0	0	0	1	NA	NA	NA	NA	NA
NODE_33_length_38889_cov_64.667432_15	11843	12013	171	-1	0.246	11	GGA/GAG/AGG	NA	NA	NA	0	0	0	1	NA	NA	NA	NA	NA
NODE_33_length_38889_cov_64.667432_16	12711	14027	1317	1	0.399	11	GGAG/GAGG	GENOMAD.116878.PP	3.799e-11	68	0	0	0	1	NA	NA	NA	PF03573;K21758	outer membrane porin, OprD family
NODE_33_length_38889_cov_64.667432_17	14134	14661	528	-1	0.413	11	GGA/GAG/AGG	NA	NA	NA	0	0	0	1	NA	NA	NA	NA	NA
NODE_33_length_38889_cov_64.667432_18	14789	15187	399	-1	0.368	11	GGA/GAG/AGG	NA	NA	NA	0	0	0	1	NA	NA	NA	NA	NA
NODE_33_length_38889_cov_64.667432_19	15294	15677	384	1	0.372	11	GGA/GAG/AGG	NA	NA	NA	0	0	0	1	NA	NA	NA	NA	NA
NODE_33_length_38889_cov_64.667432_20	15716	17395	1680	-1	0.398	11	AGGA/GGAG/GAGG	NA	NA	NA	0	0	0	1	NA	NA	NA	NA	NA
NODE_33_length_38889_cov_64.667432_21	17693	19912	2220	-1	0.425	11	None	GENOMAD.026404.VV	7.901e-37	153	0	0	0	1246	Caudoviricetes	NA	NA	PF00521;PF00986;K02469;TIGR01063;COG0188	DNA gyrase, A subunit
NODE_33_length_38889_cov_64.667432_22	20066	21385	1320	-1	0.420	11	GGA/GAG/AGG	GENOMAD.168138.CP	0.0002304	46	0	0	0	1	NA	NA	NF033135	PF01306;K08194;TIGR00903;COG2223	major facilitator 4 family protein
NODE_33_length_38889_cov_64.667432_23	21468	22112	645	-1	0.417	11	GGAG/GAGG	NA	NA	NA	0	0	0	1	NA	NA	NA	NA	NA
NODE_33_length_38889_cov_64.667432_24	22158	22625	468	-1	0.402	11	GGA/GAG/AGG	NA	NA	NA	0	0	0	1	NA	NA	NA	NA	NA
NODE_33_length_38889_cov_64.667432_25	22697	24289	1593	-1	0.401	11	AGGAG	NA	NA	NA	0	0	0	1	NA	NA	NA	NA	NA
NODE_33_length_38889_cov_64.667432_26	24616	25239	624	1	0.404	11	None	NA	NA	NA	0	0	0	1	NA	NA	NA	NA	NA
NODE_33_length_38889_cov_64.667432_27	25448	26839	1392	1	0.400	11	None	NA	NA	NA	0	0	0	1	NA	NA	NA	NA	NA
NODE_33_length_38889_cov_64.667432_28	26917	27675	759	1	0.377	11	GGA/GAG/AGG	NA	NA	NA	0	0	0	1	NA	NA	NA	NA	NA
NODE_33_length_38889_cov_64.667432_29	27677	28732	1056	1	0.405	11	None	NA	NA	NA	0	0	0	1	NA	NA	NA	NA	NA
NODE_33_length_38889_cov_64.667432_30	29053	29406	354	1	0.421	11	GGA/GAG/AGG	NA	NA	NA	0	0	0	1	NA	NA	NA	NA	NA
NODE_33_length_38889_cov_64.667432_31	29552	30052	501	-1	0.377	11	AGGA	NA	NA	NA	0	0	0	1	NA	NA	NA	NA	NA
NODE_33_length_38889_cov_64.667432_32	30366	32744	2379	-1	0.421	11	None	GENOMAD.112796.CP	1.132e-163	536	0	0	0	1	NA	NA	NA	PF08497;PF11842;PF04055;TIGR03904;K04034;COG1031	uncharacterized radical SAM protein YgiQ
NODE_33_length_38889_cov_64.667432_33	32959	34218	1260	-1	0.378	11	None	GENOMAD.183430.CP	3.372e-76	264	0	0	0	1	NA	NA	NA	PF13449;COG4222	Esterase-like activity of phytase
NODE_33_length_38889_cov_64.667432_34	34366	34770	405	-1	0.388	11	GGAG/GAGG	NA	NA	NA	0	0	0	1	NA	NA	NA	NA	NA
NODE_33_length_38889_cov_64.667432_35	34852	35337	486	1	0.385	11	GGA/GAG/AGG	GENOMAD.196809.CP	3.281e-42	153	0	0	0	1	NA	NA	NA	PF11158;COG3477	Uncharacterized membrane protein YagU, involved in acid resistance, DUF1440 family
NODE_33_length_38889_cov_64.667432_36	35354	35920	567	1	0.392	11	GGA/GAG/AGG	GENOMAD.129970.CP	3.677e-05	46	0	0	0	1	NA	NA	NA	PF12682;K03839;COG0716;TIGR01755	Flavodoxin
NODE_33_length_38889_cov_64.667432_37	36226	36834	609	1	0.386	11	None	NA	NA	NA	0	0	0	1	NA	NA	NA	NA	NA
NODE_33_length_38889_cov_64.667432_38	36890	37888	999	-1	0.405	11	AGGA	NA	NA	NA	0	0	0	1	NA	NA	NA	NA	NA
NODE_33_length_38889_cov_64.667432_39	38095	38637	543	-1	0.352	11	GGA/GAG/AGG	NA	NA	NA	0	0	0	1	NA	NA	NA	NA	NA
NODE_39_length_24973_cov_45.493158_1	3	1133	1131	1	0.466	11	None	GENOMAD.168696.PC	8.855e-125	403	0	0	0	1	NA	NA	NA	PF07368;TIGR00407;COG0014;K18601	gamma-glutamyl phosphate reductase
NODE_39_length_24973_cov_45.493158_2	1212	1832	621	-1	0.361	11	GGA/GAG/AGG	GENOMAD.116548.CP	1.714e-22	98	0	0	0	1	NA	NA	NA	PF13022;PF14246;K18301;TIGR03384;COG3226	transcriptional repressor BetI
NODE_39_length_24973_cov_45.493158_3	1999	3576	1578	1	0.404	11	GGA/GAG/AGG	NA	NA	NA	0	0	0	1	NA	NA	NA	NA	NA
NODE_39_length_24973_cov_45.493158_4	3573	4661	1089	1	0.407	11	AGGA	GENOMAD.138157.CP	7.616e-37	146	0	0	0	1	NA	NA	NA	PF13437;TIGR02828	HlyD family secretion protein
NODE_39_length_24973_cov_45.493158_5	4742	9607	4866	-1	0.362	11	None	NA	NA	NA	0	0	0	1	NA	NA	NA	NA	NA
NODE_39_length_24973_cov_45.493158_6	9883	10104	222	-1	0.324	11	None	NA	NA	NA	0	0	0	1	NA	NA	NA	NA	NA
NODE_39_length_24973_cov_45.493158_7	10133	11401	1269	-1	0.359	11	AGGA	GENOMAD.183341.CP	2.838e-259	794	0	0	0	1	NA	NA	NA	PF19577;COG3203	DcaP outer membrane protein
NODE_39_length_24973_cov_45.493158_8	11558	12235	678	-1	0.419	11	GGA/GAG/AGG	NA	NA	NA	0	0	0	1	NA	NA	NA	NA	NA
NODE_39_length_24973_cov_45.493158_9	12446	13423	978	1	0.392	11	GGAG/GAGG	NA	NA	NA	0	0	0	1	NA	NA	NA	NA	NA
NODE_39_length_24973_cov_45.493158_10	13495	14814	1320	1	0.395	11	AGGA	NA	NA	NA	0	0	0	1	NA	NA	NA	NA	NA
NODE_39_length_24973_cov_45.493158_11	14881	15579	699	-1	0.398	11	AGGA	GENOMAD.124202.CP	1.13e-51	184	0	0	0	1	NA	NA	NA	PF01614;PF01475;K19333;COG1414;TIGR02431	DNA-binding transcriptional regulator, IclR family
NODE_39_length_24973_cov_45.493158_12	15783	16241	459	-1	0.394	11	AGGAG	NA	NA	NA	0	0	0	1	NA	NA	NA	NA	NA
NODE_39_length_24973_cov_45.493158_13	16251	16685	435	-1	0.430	11	GGAG/GAGG	NA	NA	NA	0	0	0	1	NA	NA	NA	NA	NA
NODE_39_length_24973_cov_45.493158_14	16785	17717	933	1	0.405	11	None	NA	NA	NA	0	0	0	1	NA	NA	NA	NA	NA
NODE_39_length_24973_cov_45.493158_15	17818	19161	1344	-1	0.408	11	AGGA	NA	NA	NA	0	0	0	1	NA	NA	NA	NA	NA
NODE_39_length_24973_cov_45.493158_16	19458	20336	879	1	0.380	11	4Base/6BMM	NA	NA	NA	0	0	0	1	NA	NA	NA	NA	NA
NODE_39_length_24973_cov_45.493158_17	20429	21160	732	-1	0.362	11	None	NA	NA	NA	0	0	0	1	NA	NA	NA	NA	NA
NODE_39_length_24973_cov_45.493158_18	21272	22561	1290	1	0.388	11	AGGA	GENOMAD.196181.PC	7.334e-208	646	0	0	0	1	NA	NA	NA	COG0471;K03299	Di- and tricarboxylate transporter
NODE_39_length_24973_cov_45.493158_19	22569	23381	813	1	0.391	11	GGA/GAG/AGG	NA	NA	NA	0	0	0	1	NA	NA	NA	NA	NA
NODE_39_length_24973_cov_45.493158_20	23391	24731	1341	1	0.386	11	AGGAG	NA	NA	NA	0	0	0	1	NA	NA	NA	NA	NA
NODE_39_length_24973_cov_45.493158_21	24866	24973	108	-1	0.352	11	None	NA	NA	NA	0	0	0	1	NA	NA	NA	NA	NA
NODE_42_length_11795_cov_40.166095_1	3	107	105	1	0.371	11	None	NA	NA	NA	0	0	0	1	NA	NA	NA	NA	NA
NODE_42_length_11795_cov_40.166095_2	104	361	258	1	0.411	11	TAA	NA	NA	NA	0	0	0	1	NA	NA	NA	NA	NA
NODE_42_length_11795_cov_40.166095_3	371	1054	684	1	0.393	11	None	NA	NA	NA	0	0	0	1	NA	NA	NA	NA	NA
NODE_42_length_11795_cov_40.166095_4	1132	1689	558	1	0.389	11	None	GENOMAD.194475.PC	9.472e-32	124	0	0	0	1	NA	NA	NA	PF01817;TIGR01806;COG1605;K14187	chorismate mutase, putative
NODE_42_length_11795_cov_40.166095_5	1718	2215	498	-1	0.416	11	TAA	GENOMAD.140723.CP	3.012e-17	81	0	0	0	1	NA	NA	NA	PF17805;PF02295;K05800;COG1522;TIGR02702	DNA-binding transcriptional regulator, Lrp family
NODE_42_length_11795_cov_40.166095_6	2777	3151	375	1	0.333	11	TAA	NA	NA	NA	0	0	0	1	NA	NA	NA	NA	NA
NODE_42_length_11795_cov_40.166095_7	4091	4645	555	1	0.350	11	TAA	GENOMAD.140336.CP	0.000332	43	0	0	0	1	NA	NA	NA	PF13022;PF16925;K18939;TIGR03384;COG3226	transcriptional repressor BetI
NODE_42_length_11795_cov_40.166095_8	4708	6978	2271	-1	0.402	11	None	GENOMAD.147680.CP	2.976e-80	288	0	0	0	1	NA	NA	NA	PF14905;PF07715;TIGR01776;K16087;COG4206	TonB-dependent lactoferrin and transferrin receptors
NODE_42_length_11795_cov_40.166095_9	7428	8663	1236	1	0.379	11	TAA	GENOMAD.137772.CP	1.412e-96	323	0	0	0	1	NA	NA	NA	COG0668;K03442	Small-conductance mechanosensitive channel
NODE_42_length_11795_cov_40.166095_10	8962	9213	252	1	0.429	11	None	NA	NA	NA	0	0	0	1	NA	NA	NA	NA	NA
NODE_42_length_11795_cov_40.166095_11	9626	10096	471	1	0.314	11	TAA	GENOMAD.214719.PV	2.763e-75	248	0	0	0	1	NA	NA	NA	NA	NA
NODE_42_length_11795_cov_40.166095_12	10285	10566	282	1	0.337	11	None	NA	NA	NA	0	0	0	1	NA	NA	NA	NA	NA
NODE_42_length_11795_cov_40.166095_13	10741	11124	384	1	0.281	11	AAA	NA	NA	NA	0	0	0	1	NA	NA	NA	NA	NA
NODE_42_length_11795_cov_40.166095_14	11157	11699	543	-1	0.363	11	None	NA	NA	NA	0	0	0	1	NA	NA	NA	NA	NA
NODE_45_length_8858_cov_768.557439_1	1	444	444	-1	0.365	11	TAA	NA	NA	NA	0	0	0	1	NA	NA	NA	NA	NA
NODE_45_length_8858_cov_768.557439_2	572	886	315	-1	0.378	11	None	NA	NA	NA	0	0	0	1	NA	NA	NA	NA	NA
NODE_45_length_8858_cov_768.557439_3	873	1160	288	-1	0.396	11	TACAA	NA	NA	NA	0	0	0	1	NA	NA	NA	NA	NA
NODE_45_length_8858_cov_768.557439_4	1509	2051	543	1	0.350	11	TAA	NA	NA	NA	0	0	0	1	NA	NA	NA	NA	NA
NODE_45_length_8858_cov_768.557439_5	2240	2383	144	-1	0.458	11	TAA	GENOMAD.024529.PP	7.58e-21	85	0	0	0	1	NA	NA	NA	NA	NA
NODE_45_length_8858_cov_768.557439_6	2403	2978	576	-1	0.408	11	AATAA	GENOMAD.123933.PV	2.527e-41	152	0	0	0	1	NA	NA	NA	PF04645;COG4220;TIGR02417	Phage DNA packaging protein, Nu1 subunit of terminase
NODE_45_length_8858_cov_768.557439_7	2971	3921	951	-1	0.363	11	TAA	GENOMAD.129439.PV	3.922e-13	73	0	0	0	1	NA	NA	NA	NA	NA
NODE_45_length_8858_cov_768.557439_8	4145	4483	339	1	0.389	11	AATAA	NA	NA	NA	0	0	0	1	NA	NA	NA	NA	NA
NODE_45_length_8858_cov_768.557439_9	4605	4859	255	1	0.380	11	TAA	NA	NA	NA	0	0	0	1	NA	NA	NA	NA	NA
NODE_45_length_8858_cov_768.557439_10	5131	5502	372	1	0.339	11	TAA	GENOMAD.028439.PP	8.107e-32	121	0	0	0	1	NA	NA	NA	PF19839;COG4877;TIGR04563	Predicted DNA-binding protein with an HTH domain
NODE_45_length_8858_cov_768.557439_11	5502	5675	174	1	0.368	11	TATAA	GENOMAD.021880.PP	1.059e-29	111	0	0	0	1	NA	NA	NA	NA	NA
NODE_45_length_8858_cov_768.557439_12	5998	6459	462	-1	0.305	11	TAA	NA	NA	NA	0	0	0	1	NA	NA	NA	NA	NA
NODE_45_length_8858_cov_768.557439_13	6764	8857	2094	-1	0.339	11	None	NA	NA	NA	0	0	0	1	NA	NA	NA	NA	NA
NODE_47_length_3821_cov_51.180834_1	1	63	63	-1	0.508	11	GGAG/GAGG	NA	NA	NA	0	0	0	1	NA	NA	NA	NA	NA
NODE_47_length_3821_cov_51.180834_2	75	734	660	-1	0.594	11	None	NA	NA	NA	0	0	0	1	NA	NA	NA	NA	NA
NODE_47_length_3821_cov_51.180834_3	845	3820	2976	-1	0.516	11	None	GENOMAD.032931.PP	3.993e-15	83	0	0	0	1	NA	NA	NA	K18975	NA
NODE_50_length_2699_cov_107.403188_1	186	983	798	1	0.382	11	TAAA	GENOMAD.142513.PC	2.101e-49	179	0	0	0	1246	Caudoviricetes	NA	NF040806	PF00905;K17838;COG2602	Beta-lactamase class D
NODE_50_length_2699_cov_107.403188_2	1088	1729	642	-1	0.424	11	None	NA	NA	NA	0	0	0	1	NA	NA	NA	NA	NA
NODE_50_length_2699_cov_107.403188_3	1865	2095	231	1	0.403	11	TAA	NA	NA	NA	0	0	0	1	NA	NA	NA	NA	NA
NODE_50_length_2699_cov_107.403188_4	2210	2602	393	-1	0.336	11	None	NA	NA	NA	0	0	0	1	NA	NA	NA	NA	NA
